f_version;f_equipo;f_hor_plan_s;f_hor_ter_s;f_hor_pend_s;f_hor_cap_d;f_hor_cap_c;f_hor_act_d;f_hor_act_o_d;f_hor_act_o;f_nro_req_pl;f_nro_req_t;f_nro_req_pe;f_nro_inc_pl;f_nro_inc_t;f_nro_inc_pe;f_nro_req_n;f_nro_rec;f_dias_sla_s;sumatoria
1.19.0131;Siesa BI - IRI;0;0;0;0;0;0;0;0;0;0;0;0;0;0;4;0;NULL;4
1.19.0329;Siesa BI - IRI;0;0;0;0;0;0;0;0;0;0;0;0;0;0;13;0;NULL;13
1.18.0131;Siesa BI - MLB;373;422;0;339;125;383;38;312;26;26;0;12;12;0;45;2;68;2183
1.18.0328;Siesa BI - MLB;55;36;0;269;125;275;31;567;2;2;0;14;14;0;38;2;40;1470
1.18.0531;Siesa BI - MLB;196;202;0;400;132;423;33;330;19;19;0;13;13;0;34;2;39;1855
1.18.0731;Siesa BI - MLB;80;127;0;358;123;423;18;356;6;6;0;15;15;0;28;2;95;1652
1.18.0928;Siesa BI - MLB;238;221;0;354;131;503;8;240;21;21;0;10;10;0;22;2;63;1844
1.18.1130;Siesa BI - MLB;890;1621;0;373;136;403;3;180;60;60;0;10;10;0;22;2;74;3844
1.19.0131;Siesa BI - MLB;146;267;0;325;122;161;31;323;10;10;0;15;15;0;33;2;2330;3790
1.19.0329;Siesa BI - MLB;324;201;0;201;123;94;16;479;12;12;0;16;16;0;46;2;173;1715
1.19.0531;Siesa BI - MLB;462;579;0;360;136;350;26;91;13;13;0;42;42;0;47;2;121;2284
1.19.0731;Siesa BI - MLB;353;352;0;201;123;255;44;161;19;19;0;16;16;0;49;2;157;1767
1.19.0930;Siesa BI - MLB;708;595;0;357;131;342;9;76;51;51;0;35;35;0;122;2;161;2675
1.19.1129;Siesa BI - MLB;733;476;0;350;131;309;27;137;57;57;0;11;11;0;113;2;63;2477
1.20.0131;Siesa BI - MLB;658;378;0;510;255;233;27;206;44;44;0;26;26;0;64;3;38;2512
1.20.0331;Siesa BI - MLB;1334;806;0;510;255;402;32;232;99;99;0;36;36;0;77;3;94;4015
1.20.0529;Siesa BI - MLB;1261;719;0;476;238;594;13;501;75;75;0;12;12;0;61;3;41;4081
1.20.0731;Siesa BI - MLB;588;416;0;510;255;498;31;710;30;30;0;48;48;0;87;3;101;3355
1.20.0930;Siesa BI - MLB;779;478;0;510;255;564;34;589;34;34;0;41;41;0;85;3;78;3525
1.20.1130;Siesa BI - MLB;839;518;0;365;246;343;30;983;37;37;0;19;19;0;87;3;82;3608
1.21.0129;Siesa BI - MLB;212;152;0;485;242;428;48;781;10;10;0;20;20;0;78;3;114;2603
1.21.0331;Siesa BI - MLB;388;185;0;408;263;198;85;748;26;26;0;10;10;0;53;3;120;2523
1.21.0531;Siesa BI - MLB;746;210;230;233;222;165;80;341;51;29;22;18;16;2;51;3;51;2470
1.21.0730;Siesa BI - MLB;84;0;84;298;216;0;0;0;8;0;8;0;0;0;0;3;0;701
1.18.0131;Siesa FrameWork;553;1190;0;185;0;600;2;199;33;33;0;10;10;0;43;1;152;3011
1.18.0328;Siesa FrameWork;647;894;0;238;0;611;35;78;35;35;0;10;10;0;36;1;234;2864
1.18.0531;Siesa FrameWork;871;621;0;259;0;668;28;113;39;39;0;11;11;0;54;1;1402;4117
1.18.0731;Siesa FrameWork;233;160;0;234;0;580;18;208;7;7;0;3;3;0;17;1;518;1989
1.18.0928;Siesa FrameWork;73;187;0;217;0;525;NULL;446;10;10;0;3;3;0;12;1;87;1574
1.18.1130;Siesa FrameWork;356;482;0;263;0;664;NULL;158;9;9;0;2;2;0;40;1;918;2904
1.19.0131;Siesa FrameWork;923;802;0;616;245;717;2;215;28;28;0;6;6;0;50;4;169;3811
1.19.0329;Siesa FrameWork;586;869;0;474;0;885;9;211;35;35;0;4;4;0;41;2;174;3329
1.19.0531;Siesa FrameWork;705;797;0;493;238;866;17;230;26;26;0;3;3;0;43;3;1082;4532
1.19.0731;Siesa FrameWork;488;1298;0;444;103;714;1;358;36;36;0;6;6;0;37;3;156;3686
1.19.0930;Siesa FrameWork;473;1406;0;503;248;905;NULL;176;50;50;0;18;18;0;79;3;82;4011
1.19.1129;Siesa FrameWork;1477;1217;0;590;231;1022;3;321;78;78;0;24;24;0;110;4;185;5364
1.20.0131;Siesa FrameWork;1153;1435;0;974;187;1341;0;234;57;57;0;15;15;0;85;5;455;6013
1.20.0331;Siesa FrameWork;2385;2516;0;950;237;1214;NULL;214;100;100;0;15;15;0;79;5;256;8086
1.20.0529;Siesa FrameWork;2047;1815;0;935;233;1418;2;326;88;88;0;24;24;0;97;5;55;7157
1.20.0731;Siesa FrameWork;1639;1855;0;1002;250;1648;16;273;55;55;0;17;17;0;74;5;218;7124
1.20.0930;Siesa FrameWork;983;1388;0;1002;250;1346;187;370;47;47;0;8;8;0;66;5;213;5920
1.20.1130;Siesa FrameWork;1232;1217;16;874;242;1362;15;501;58;56;2;10;10;0;71;5;258;5929
1.21.0129;Siesa FrameWork;295;279;0;1232;0;1411;15;501;10;10;0;3;3;0;43;5;340;4147
1.21.0331;Siesa FrameWork;1099;1556;348;1054;263;1637;22;251;34;26;8;9;5;4;65;5;199;6585
1.21.0531;Siesa FrameWork;1338;393;762;986;246;818;3;319;38;19;19;9;3;6;22;5;57;5043
1.21.0730;Siesa FrameWork;0;0;0;952;238;0;0;0;0;0;0;0;0;0;0;5;0;1195
1.21.0930;Siesa FrameWork;0;0;0;1360;0;0;0;0;0;0;0;0;0;0;0;5;0;1365
1.21.1130;Siesa FrameWork;0;0;0;1232;0;0;0;0;0;0;0;0;0;0;0;5;0;1237
1.18.0131;Siesa Migracion;38;166;0;322;44;479;16;206;2;2;0;8;8;0;11;2;30;1334
1.18.0328;Siesa Migracion;286;389;0;380;68;567;12;161;6;6;0;2;2;0;12;2;67;1960
1.18.0531;Siesa Migracion;132;1174;0;441;76;616;11;190;3;3;0;1;1;0;8;2;8;2666
1.18.0731;Siesa Migracion;36;0;0;370;88;808;5;335;2;2;0;0;0;0;3;2;NULL;1651
1.18.0928;Siesa Migracion;0;105;0;384;54;809;12;427;1;1;0;0;0;0;6;2;66;1867
1.18.1130;Siesa Migracion;376;730;0;452;78;834;13;299;30;30;0;3;3;0;60;2;184;3094
1.19.0131;Siesa Migracion;881;884;0;791;53;910;11;675;75;75;0;1;1;0;68;4;152;4581
1.19.0329;Siesa Migracion;1628;1404;0;711;0;1426;15;483;102;102;0;1;1;0;107;3;504;6487
1.19.0531;Siesa Migracion;587;776;0;1068;158;1470;1;528;42;42;0;0;0;0;39;5;0;4716
1.19.0731;Siesa Migracion;1091;1079;0;755;134;1049;1;835;62;62;0;0;0;0;68;4;12;5152
1.19.0930;Siesa Migracion;964;1270;0;421;322;1229;4;670;58;58;0;0;0;0;58;3;6;5063
1.19.1129;Siesa Migracion;1975;1702;0;933;453;1506;2;438;148;148;0;0;0;0;145;6;9;7465
1.20.0131;Siesa Migracion;1236;1152;0;1022;477;1354;4;629;59;59;0;0;0;0;65;6;15;6078
1.20.0331;Siesa Migracion;2641;2728;0;950;475;1434;3;541;213;213;0;0;0;0;159;6;22;9385
1.20.0529;Siesa Migracion;1682;1712;4;1272;553;1602;19;631;97;96;1;0;0;0;107;6;59;7841
1.20.0731;Siesa Migracion;1502;1652;0;985;501;1702;13;631;85;85;0;0;0;0;92;6;2;7256
1.20.0930;Siesa Migracion;1842;1678;21;993;501;1784;19;494;75;72;3;0;0;0;66;6;20;7574
1.20.1130;Siesa Migracion;1631;1335;72;959;547;1234;15;700;110;101;9;0;0;0;100;6;1;6820
1.21.0129;Siesa Migracion;666;694;30;1232;0;873;28;1019;99;90;9;0;0;0;133;5;100;4978
1.21.0331;Siesa Migracion;1119;1165;99;1020;680;1299;23;668;186;159;27;0;0;0;182;5;145;6777
1.21.0531;Siesa Migracion;568;451;204;739;493;694;17;354;98;57;41;0;0;0;102;5;118;3941
1.21.0730;Siesa Migracion;37;0;37;714;476;0;0;0;14;0;14;0;0;0;0;5;0;1297
1.21.0930;Siesa Migracion;0;0;0;1360;0;0;0;0;0;0;0;0;0;0;0;5;0;1365
1.21.1130;Siesa Migracion;0;0;0;1232;0;0;0;0;0;0;0;0;0;0;0;5;0;1237
1.18.0131;Siesa Mobile;514;373;0;510;0;298;NULL;88;25;25;0;19;19;0;35;2;63;1971
1.18.0328;Siesa Mobile;393;360;0;419;74;682;NULL;129;12;12;0;12;12;0;49;2;144;2300
1.18.0531;Siesa Mobile;531;652;0;464;80;590;12;310;21;21;0;18;18;0;45;2;23;2787
1.18.0731;Siesa Mobile;480;604;0;493;0;586;7;367;13;13;0;16;16;0;39;2;55;2691
1.18.0928;Siesa Mobile;601;733;0;527;0;561;NULL;506;9;9;0;10;10;0;18;2;49;3035
1.18.1130;Siesa Mobile;169;576;0;544;0;668;NULL;210;7;7;0;13;13;0;31;2;55;2295
1.19.0131;Siesa Mobile;356;388;0;371;0;530;NULL;296;6;6;0;11;11;0;20;2;24;2021
1.19.0329;Siesa Mobile;446;523;0;474;0;413;10;344;14;14;0;19;19;0;41;2;216;2535
1.19.0531;Siesa Mobile;382;496;0;336;60;417;NULL;475;19;19;0;11;11;0;40;2;233;2501
1.19.0731;Siesa Mobile;360;475;0;377;67;427;8;374;8;8;0;20;20;0;37;2;73;2256
1.19.0930;Siesa Mobile;360;321;0;421;74;560;1;268;5;5;0;12;12;0;31;2;88;2160
1.19.1129;Siesa Mobile;879;825;0;392;69;494;34;276;26;26;0;28;28;0;47;2;468;3594
1.20.0131;Siesa Mobile;478;823;0;434;76;473;NULL;359;15;15;0;24;24;0;46;2;163;2932
1.20.0331;Siesa Mobile;724;1065;0;403;71;520;6;293;21;21;0;40;40;0;66;2;481;3753
1.20.0529;Siesa Mobile;410;516;0;397;70;603;3;254;8;8;0;21;21;0;38;2;154;2505
1.20.0731;Siesa Mobile;304;345;0;425;75;594;30;219;7;7;0;13;13;0;35;2;112;2181
1.20.0930;Siesa Mobile;486;743;0;324;61;637;30;150;19;19;0;13;13;0;48;2;371;2916
1.20.1130;Siesa Mobile;375;396;0;265;58;564;NULL;225;9;9;0;27;27;0;32;2;116;2105
1.21.0129;Siesa Mobile;164;239;0;203;31;466;7;314;2;2;0;20;20;0;29;2;100;1599
1.21.0331;Siesa Mobile;211;273;8;212;45;466;5;335;6;6;0;18;17;1;29;2;115;1749
1.21.0531;Siesa Mobile;558;143;479;202;238;254;56;161;22;5;17;5;3;2;8;3;-13;2143
1.21.0730;Siesa Mobile;27;0;27;238;238;0;0;0;1;0;1;0;0;0;0;3;0;535
1.21.0930;Siesa Mobile;413;0;413;263;263;0;0;0;11;0;11;0;0;0;0;3;0;1377
1.21.1130;Siesa Mobile;36;0;36;493;246;0;0;0;2;0;2;0;0;0;0;3;0;818
1.18.0131;Siesa Nuevos Proyectos ;4;12;0;212;0;306;8;126;0;0;0;1;1;0;1;1;1;673
1.18.0328;Siesa Nuevos Proyectos ;0;0;0;246;0;270;NULL;93;0;0;0;0;0;0;1;1;0;611
1.18.0531;Siesa Nuevos Proyectos ;30;6;0;272;0;361;NULL;36;1;1;0;0;0;0;3;1;3;714
1.18.0731;Siesa Nuevos Proyectos ;0;0;0;246;0;327;NULL;108;0;0;0;0;0;0;0;1;0;682
1.18.0928;Siesa Nuevos Proyectos ;0;0;0;263;0;319;NULL;55;0;0;0;0;0;0;0;1;0;638
1.18.1130;Siesa Nuevos Proyectos ;0;0;0;272;0;353;NULL;69;0;0;0;0;0;0;1;1;12;708
1.19.0131;Siesa Nuevos Proyectos ;38;10;6;245;0;333;NULL;58;2;2;0;2;1;1;11;1;33;743
1.19.0329;Siesa Nuevos Proyectos ;7;18;0;238;0;243;NULL;91;0;0;0;2;2;0;15;1;371;988
1.19.0531;Siesa Nuevos Proyectos ;227;437;0;250;0;299;3;147;11;11;0;1;1;0;18;1;273;1679
1.19.0731;Siesa Nuevos Proyectos ;242;577;90;222;0;329;1;124;14;13;1;4;4;0;20;1;7;1649
1.19.0930;Siesa Nuevos Proyectos ;150;330;8;163;0;222;5;195;10;9;1;7;7;0;18;1;62;1188
1.19.1129;Siesa Nuevos Proyectos ;295;324;7;227;0;279;9;156;17;16;1;4;4;0;26;1;69;1435
1.20.0131;Siesa Nuevos Proyectos ;109;134;18;255;0;356;3;123;7;7;0;7;5;2;17;1;61;1105
1.20.0331;Siesa Nuevos Proyectos ;198;330;27;237;0;294;1;79;12;12;0;11;5;6;21;1;79;1313
1.20.0529;Siesa Nuevos Proyectos ;249;151;200;233;0;336;1;122;16;7;9;2;0;2;18;1;71;1418
1.20.0731;Siesa Nuevos Proyectos ;244;104;161;250;0;353;7;111;18;10;8;2;1;1;12;1;9;1292
1.20.0930;Siesa Nuevos Proyectos ;101;13;85;250;0;208;NULL;109;6;2;4;3;1;2;12;1;298;1095
1.20.1130;Siesa Nuevos Proyectos ;45;6;41;0;0;0;0;0;4;2;2;3;1;2;7;0;9;122
1.21.0129;Siesa Nuevos Proyectos ;0;0;0;0;0;0;0;0;0;0;0;0;0;0;3;0;NULL;3
1.21.0331;Siesa Nuevos Proyectos ;8;0;8;0;0;0;0;0;1;0;1;0;0;0;2;0;NULL;20
1.21.0531;Siesa Nuevos Proyectos ;3;0;3;0;0;0;0;0;1;0;1;2;0;2;7;0;16;35
1.19.0329;Siesa UI/UX;55;10;0;0;0;1;NULL;NULL;10;10;0;0;0;0;15;0;10;111
1.19.0531;Siesa UI/UX;57;39;0;0;0;12;NULL;212;5;5;0;0;0;0;2;0;0;332
1.19.0731;Siesa UI/UX;265;473;0;222;0;262;1;137;8;8;0;0;0;0;11;1;42;1430
1.19.0930;Siesa UI/UX;306;259;0;0;0;231;9;159;12;12;0;0;0;0;7;0;9;1004
1.19.1129;Siesa UI/UX;601;597;0;161;69;326;NULL;74;63;63;0;0;0;0;61;1;114;2130
1.20.0131;Siesa UI/UX;684;705;0;172;74;401;1;261;65;65;0;0;0;0;66;1;15;2510
1.20.0331;Siesa UI/UX;1371;1372;0;341;142;426;NULL;337;113;113;0;0;0;0;53;2;66;4336
1.20.0529;Siesa UI/UX;426;628;0;557;98;578;4;203;36;36;0;0;0;0;29;2;20;2617
1.20.0731;Siesa UI/UX;450;455;0;340;75;474;2;186;16;16;0;0;0;0;20;2;3;2039
1.20.0930;Siesa UI/UX;294;354;0;175;75;328;0;75;17;17;0;0;0;0;15;1;8;1359
1.20.1130;Siesa UI/UX;152;0;152;175;75;193;NULL;127;13;0;13;0;0;0;12;1;5;918
1.18.0131;SiesaEE CM - IRI;847;907;0;399;425;678;79;228;31;31;0;24;24;0;69;4;103;3849
1.18.0328;SiesaEE CM - IRI;923;1024;0;472;468;594;78;116;32;32;0;31;31;0;104;4;81;3990
1.18.0531;SiesaEE CM - IRI;917;945;0;501;535;610;112;189;36;36;0;21;21;0;75;4;34;4036
1.18.0731;SiesaEE CM - IRI;992;1332;0;476;408;590;48;146;40;40;0;16;16;0;84;4;49;4241
1.18.0928;SiesaEE CM - IRI;711;925;0;408;527;562;63;196;39;39;0;12;12;0;46;4;70;3614
1.18.1130;SiesaEE CM - IRI;859;1188;0;535;544;649;60;99;29;29;0;23;23;0;74;4;38;4154
1.19.0131;SiesaEE CM - IRI;627;722;0;236;379;492;122;135;33;33;0;15;15;0;42;4;-305;2550
1.19.0329;SiesaEE CM - IRI;334;626;0;467;484;391;71;232;23;23;0;16;16;0;73;4;33;2793
1.19.0531;SiesaEE CM - IRI;663;1115;0;476;527;540;80;133;24;24;0;21;21;0;53;4;71;3752
1.19.0731;SiesaEE CM - IRI;1213;2070;0;2678;493;711;138;130;31;31;0;22;22;0;58;4;68;7669
1.19.0930;SiesaEE CM - IRI;1056;1266;0;569;501;802;148;531;27;27;0;13;13;0;49;5;29;5036
1.19.1129;SiesaEE CM - IRI;820;916;0;522;710;884;59;513;18;18;0;13;13;0;44;5;27;4562
1.20.0131;SiesaEE CM - IRI;461;742;0;769;710;914;127;872;16;16;0;12;12;0;43;6;82;4782
1.20.0331;SiesaEE CM - IRI;804;1297;0;769;710;950;153;382;42;42;0;20;20;0;62;6;64;5321
1.20.0529;SiesaEE CM - IRI;1297;1035;0;783;636;886;188;883;51;51;0;22;22;0;83;6;60;6003
1.20.0731;SiesaEE CM - IRI;836;974;0;809;670;877;329;1072;60;60;0;12;12;0;91;6;283;6091
1.20.0930;SiesaEE CM - IRI;482;661;0;834;645;766;288;1250;24;24;0;19;19;0;56;6;104;5178
1.20.1130;SiesaEE CM - IRI;665;398;447;783;611;896;281;1117;27;17;10;15;15;0;41;6;81;5410
1.21.0129;SiesaEE CM - IRI;66;116;0;1062;493;1352;88;1167;5;5;0;12;12;0;31;7;108;4524
1.21.0331;SiesaEE CM - IRI;1579;1648;0;1266;518;1673;27;903;30;30;0;13;13;0;48;7;84;7839
1.21.0531;SiesaEE CM - IRI;523;23;510;1062;493;970;5;359;8;2;6;3;3;0;9;7;8;3991
1.18.0131;SiesaEE CM - MLB;2115;2230;0;989;498;1964;413;1098;347;347;0;135;135;0;695;8;1085;12059
1.18.0328;SiesaEE CM - MLB;2423;2646;0;1362;460;2111;322;755;335;335;0;116;116;0;801;8;673;12463
1.18.0531;SiesaEE CM - MLB;2541;2591;0;1396;527;2225;345;760;301;301;0;104;104;0;700;8;634;12537
1.18.0731;SiesaEE CM - MLB;2114;2215;0;1179;408;1979;232;1008;263;263;0;97;97;0;650;8;571;11084
1.18.0928;SiesaEE CM - MLB;2355;2195;0;1356;527;1966;294;1344;263;263;0;102;102;0;560;8;780;12115
1.18.1130;SiesaEE CM - MLB;1986;1955;0;1149;544;1981;240;1053;211;211;0;115;115;0;687;8;853;11108
1.19.0131;SiesaEE CM - MLB;1486;1421;0;476;245;2077;286;815;178;178;0;97;97;0;532;8;668;8564
1.19.0329;SiesaEE CM - MLB;1646;1744;0;985;714;1873;313;934;294;294;0;122;122;0;747;8;718;10514
1.19.0531;SiesaEE CM - MLB;2192;2177;320;777;790;1944;298;705;357;354;3;116;116;0;872;8;1542;12571
1.19.0731;SiesaEE CM - MLB;1728;2412;0;558;739;1973;288;437;335;335;0;101;101;0;801;9;969;10786
1.19.0930;SiesaEE CM - MLB;1955;2239;0;919;697;2193;318;426;306;306;0;129;129;0;882;9;563;11071
1.19.1129;SiesaEE CM - MLB;2323;2385;0;1764;765;2161;247;756;286;286;0;120;120;0;847;11;1451;13522
1.20.0131;SiesaEE CM - MLB;1789;2278;4;898;765;1840;157;468;254;253;1;127;127;0;727;9;862;10559
1.20.0331;SiesaEE CM - MLB;2815;3377;4;978;765;1921;289;350;337;336;1;157;157;0;782;9;670;12948
1.20.0529;SiesaEE CM - MLB;3127;2785;400;954;952;1929;618;1247;295;291;4;95;95;0;547;11;598;13948
1.20.0731;SiesaEE CM - MLB;2355;2665;6;1046;764;1981;678;1602;198;197;1;131;131;0;627;10;602;12994
1.20.0930;SiesaEE CM - MLB;2470;2608;34;1179;935;1896;805;1700;246;242;4;157;157;0;711;11;737;13892
1.20.1130;SiesaEE CM - MLB;2626;2969;28;1092;892;1958;844;1852;265;261;4;138;138;0;576;12;1261;14916
1.21.0129;SiesaEE CM - MLB;1236;1720;0;722;867;2289;471;2079;139;139;0;198;198;0;620;12;1077;11767
1.21.0331;SiesaEE CM - MLB;1871;2293;100;1232;926;2525;761;1646;205;195;10;199;199;0;768;11;1196;14137
1.21.0531;SiesaEE CM - MLB;2293;1674;825;1011;476;1341;373;959;214;182;32;142;105;37;402;9;436;10511
1.21.0730;SiesaEE CM - MLB;537;105;419;986;739;0;0;0;48;17;31;0;0;0;0;9;0;2891
1.21.0930;SiesaEE CM - MLB;447;3;444;1054;790;0;0;0;44;1;43;0;0;0;0;9;0;2835
1.18.0131;SiesaEE FN - GC;257;303;0;0;0;NULL;219;9;510;510;0;16;16;0;562;0;41;2443
1.18.0328;SiesaEE FN - GC;246;218;0;0;0;0;0;0;513;513;0;47;47;0;619;0;70;2273
1.18.0531;SiesaEE FN - GC;248;235;0;0;0;0;0;0;591;591;0;57;57;0;677;0;116;2572
1.18.0731;SiesaEE FN - GC;185;188;0;0;0;3;NULL;NULL;411;411;0;47;47;0;510;0;137;1939
1.18.0928;SiesaEE FN - GC;215;228;0;0;0;0;0;0;384;384;0;22;22;0;439;0;211;1905
1.18.1130;SiesaEE FN - GC;423;363;0;0;0;0;0;0;493;493;0;32;32;0;585;0;354;2775
1.19.0131;SiesaEE FN - GC;396;177;0;0;0;0;0;0;459;459;0;12;12;0;460;0;150;2125
1.19.0329;SiesaEE FN - GC;401;231;0;0;0;0;0;0;443;443;0;24;24;0;519;0;389;2474
1.19.0531;SiesaEE FN - GC;421;294;0;0;0;0;0;0;502;502;0;29;29;0;567;0;705;3049
1.19.0731;SiesaEE FN - GC;452;298;0;0;0;0;0;0;470;470;0;36;36;0;532;0;408;2702
1.19.0930;SiesaEE FN - GC;615;237;0;0;0;0;0;0;618;618;0;31;31;0;623;0;195;2968
1.19.1129;SiesaEE FN - GC;781;450;0;1037;0;NULL;615;254;482;482;0;15;15;0;576;3;305;5015
1.20.0131;SiesaEE FN - GC;235;180;0;0;0;NULL;727;178;488;488;0;36;36;0;655;0;205;3228
1.20.0331;SiesaEE FN - GC;331;274;0;0;0;NULL;1001;110;981;980;1;46;46;0;606;0;258;4634
1.20.0529;SiesaEE FN - GC;174;160;0;0;0;71;913;315;529;529;0;47;47;0;639;0;-503;2921
1.20.0731;SiesaEE FN - GC;401;164;0;0;0;46;859;241;494;494;0;48;48;0;606;0;427;3828
1.20.0930;SiesaEE FN - GC;269;107;0;0;0;57;787;94;531;531;0;33;33;0;599;0;320;3361
1.20.1130;SiesaEE FN - GC;205;126;18;0;0;126;852;274;426;425;1;43;43;0;497;0;341;3377
1.21.0129;SiesaEE FN - GC;500;430;0;0;0;NULL;1046;162;324;324;0;28;28;0;507;0;482;3831
1.21.0331;SiesaEE FN - GC;185;151;0;0;0;NULL;1074;202;510;510;0;52;52;0;689;0;653;4078
1.21.0531;SiesaEE FN - GC;84;47;15;0;0;NULL;670;229;269;267;2;17;14;3;317;0;151;2085
1.18.0131;SiesaEE FN y VH - IRI;0;0;0;187;237;267;66;386;0;0;0;0;0;0;1;2;1;1147
1.18.0328;SiesaEE FN y VH - IRI;0;0;0;213;223;299;24;379;0;0;0;0;0;0;6;2;1;1147
1.18.0531;SiesaEE FN y VH - IRI;0;0;0;332;48;394;91;257;0;0;0;0;0;0;10;2;199;1333
1.18.0731;SiesaEE FN y VH - IRI;0;0;0;368;72;497;100;178;1;1;0;0;0;0;3;2;0;1222
1.18.0928;SiesaEE FN y VH - IRI;7;6;0;379;98;823;110;247;1;1;0;0;0;0;23;2;18;1715
1.18.1130;SiesaEE FN y VH - IRI;888;777;0;607;78;732;107;299;88;88;0;0;0;0;77;3;10;3754
1.19.0131;SiesaEE FN y VH - IRI;814;834;0;351;91;526;105;441;50;50;0;0;0;0;32;2;1;3297
1.19.0329;SiesaEE FN y VH - IRI;634;746;0;454;0;694;85;523;38;38;0;0;0;0;51;2;12;3277
1.19.0531;SiesaEE FN y VH - IRI;800;1238;0;710;0;915;80;525;42;42;0;0;0;0;36;3;3;4394
1.19.0731;SiesaEE FN y VH - IRI;724;924;0;451;0;781;28;665;49;49;0;0;0;0;49;2;1;3723
1.19.0930;SiesaEE FN y VH - IRI;1213;1200;0;487;0;890;113;491;60;60;0;0;0;0;68;2;7;4591
1.19.1129;SiesaEE FN y VH - IRI;738;733;0;486;570;747;100;681;52;52;0;0;0;0;37;4;1;4201
1.20.0131;SiesaEE FN y VH - IRI;706;619;0;0;0;861;86;682;57;57;0;1;1;0;55;0;26;3151
1.20.0331;SiesaEE FN y VH - IRI;1459;1343;0;0;0;885;84;711;87;87;0;0;0;0;51;0;2;4709
1.20.0529;SiesaEE FN y VH - IRI;653;786;0;0;0;874;309;900;39;39;0;0;0;0;62;0;10;3672
1.20.0731;SiesaEE FN y VH - IRI;977;1165;0;708;682;1034;221;1063;68;68;0;0;0;0;55;5;8;6054
1.20.0930;SiesaEE FN y VH - IRI;814;676;0;0;0;926;253;1168;46;46;0;0;0;0;48;0;690;4667
1.20.1130;SiesaEE FN y VH - IRI;938;745;0;0;0;814;129;1053;48;48;0;0;0;0;44;0;209;4028
1.21.0129;SiesaEE FN y VH - IRI;1106;440;0;0;0;1110;18;736;37;37;0;2;2;0;53;0;15;3556
1.21.0331;SiesaEE FN y VH - IRI;2044;1560;404;0;0;1445;2;484;95;84;11;0;0;0;80;0;3;6212
1.21.0531;SiesaEE FN y VH - IRI;1409;217;1187;0;0;830;11;264;64;52;12;0;0;0;67;0;4;4117
1.21.0730;SiesaEE FN y VH - IRI;169;0;169;0;0;0;0;0;9;0;9;0;0;0;0;0;0;356
1.18.0131;SiesaEE FN y VH - MLB;1607;1863;0;163;58;360;18;233;180;180;0;47;47;0;371;1;416;5544
1.18.0328;SiesaEE FN y VH - MLB;1170;1371;0;142;76;346;43;143;142;142;0;82;82;0;472;1;311;4523
1.18.0531;SiesaEE FN y VH - MLB;1743;1920;0;0;232;183;51;405;212;212;0;61;61;0;502;1;286;5869
1.18.0731;SiesaEE FN y VH - MLB;1624;2110;0;61;150;226;46;338;185;185;0;43;43;0;347;1;537;5896
1.18.0928;SiesaEE FN y VH - MLB;1643;2097;0;0;238;166;19;426;206;206;0;29;29;0;362;1;272;5694
1.18.1130;SiesaEE FN y VH - MLB;670;958;0;0;258;164;19;481;127;127;0;34;34;0;320;1;243;3436
1.19.0131;SiesaEE FN y VH - MLB;702;813;0;0;0;109;18;546;96;96;0;35;35;0;282;0;236;2968
1.19.0329;SiesaEE FN y VH - MLB;877;1030;0;0;0;227;45;474;154;154;0;42;42;0;396;0;299;3740
1.19.0531;SiesaEE FN y VH - MLB;924;1032;0;234;0;275;62;497;125;125;0;50;50;0;469;1;355;4199
1.19.0731;SiesaEE FN y VH - MLB;849;870;0;0;0;187;22;451;131;131;0;34;34;0;315;0;299;3323
1.19.0930;SiesaEE FN y VH - MLB;743;1046;0;0;0;166;83;499;137;137;0;40;40;0;357;0;257;3505
1.19.1129;SiesaEE FN y VH - MLB;992;1035;0;390;268;479;66;755;123;123;0;45;45;0;318;3;255;4897
1.20.0131;SiesaEE FN y VH - MLB;610;679;0;246;0;1154;97;729;86;86;0;42;42;0;324;1;286;4382
1.20.0331;SiesaEE FN y VH - MLB;818;856;4;0;0;1003;93;633;121;120;1;36;36;0;339;0;285;4345
1.20.0529;SiesaEE FN y VH - MLB;700;672;100;0;0;692;137;693;90;88;2;38;38;0;272;0;216;3738
1.20.0731;SiesaEE FN y VH - MLB;507;562;0;61;371;736;134;698;81;81;0;25;25;0;257;4;262;3804
1.20.0930;SiesaEE FN y VH - MLB;626;658;0;0;0;755;153;535;107;107;0;37;37;0;273;0;320;3608
1.20.1130;SiesaEE FN y VH - MLB;482;511;0;0;0;858;213;1112;105;105;0;47;47;0;236;0;339;4055
1.21.0129;SiesaEE FN y VH - MLB;468;537;0;0;0;996;262;1153;58;58;0;52;52;0;219;0;351;4206
1.21.0331;SiesaEE FN y VH - MLB;815;1067;14;0;0;1314;421;498;105;102;3;49;49;0;300;0;429;5166
1.21.0531;SiesaEE FN y VH - MLB;775;611;176;0;0;643;334;493;116;107;9;32;27;5;153;0;140;3621
1.21.0730;SiesaEE FN y VH - MLB;340;0;340;0;0;0;0;0;16;0;16;0;0;0;1;0;-121;592
1.21.0930;SiesaEE FN y VH - MLB;16;0;16;0;0;0;0;0;1;0;1;0;0;0;0;0;0;34
1.21.1130;SiesaEE FN y VH - MLB;140;0;140;0;0;0;0;0;1;0;1;0;0;0;0;0;0;282
1.18.0131;SiesaEE GP y SST - IRI;450;594;0;0;0;0;0;0;31;31;0;0;0;0;38;0;47;1191
1.18.0328;SiesaEE GP y SST - IRI;356;623;0;0;0;0;0;0;21;21;0;0;0;0;36;0;28;1085
1.18.0531;SiesaEE GP y SST - IRI;489;794;0;0;0;0;0;0;52;52;0;0;0;0;48;0;29;1464
1.18.0731;SiesaEE GP y SST - IRI;204;242;0;0;0;0;0;0;15;15;0;1;1;0;13;0;40;531
1.18.0928;SiesaEE GP y SST - IRI;660;773;0;0;0;0;0;0;51;51;0;1;1;0;60;0;37;1634
1.18.1130;SiesaEE GP y SST - IRI;691;919;0;0;0;0;0;0;62;62;0;0;0;0;90;0;1290;3114
1.19.0131;SiesaEE GP y SST - IRI;477;786;0;0;0;0;0;0;56;56;0;0;0;0;24;0;56;1455
1.19.0329;SiesaEE GP y SST - IRI;140;244;0;0;0;0;0;0;26;26;0;0;0;0;18;0;40;494
1.19.0531;SiesaEE GP y SST - IRI;123;272;0;0;0;0;0;0;14;14;0;0;0;0;9;0;114;546
1.19.0731;SiesaEE GP y SST - IRI;119;151;0;0;0;0;0;0;16;16;0;0;0;0;20;0;68;390
1.19.0930;SiesaEE GP y SST - IRI;501;494;0;0;0;0;0;0;7;7;0;1;1;0;7;0;5;1023
1.19.1129;SiesaEE GP y SST - IRI;184;178;0;0;0;0;0;0;6;6;0;0;0;0;20;0;38;432
1.20.0131;SiesaEE GP y SST - IRI;350;387;0;0;0;0;0;0;15;15;0;0;0;0;10;0;144;921
1.20.0331;SiesaEE GP y SST - IRI;358;393;0;0;0;0;0;0;17;17;0;0;0;0;6;0;56;847
1.20.0529;SiesaEE GP y SST - IRI;383;331;0;0;0;0;0;0;23;23;0;0;0;0;51;0;770;1581
1.20.0731;SiesaEE GP y SST - IRI;326;305;0;0;0;0;0;0;36;36;0;0;0;0;40;0;241;984
1.20.0930;SiesaEE GP y SST - IRI;183;297;0;0;0;0;0;0;15;15;0;0;0;0;19;0;843;1372
1.20.1130;SiesaEE GP y SST - IRI;180;263;0;0;0;0;0;0;16;16;0;0;0;0;17;0;15;507
1.21.0129;SiesaEE GP y SST - IRI;52;95;0;0;0;0;0;0;15;15;0;0;0;0;17;0;4;198
1.21.0331;SiesaEE GP y SST - IRI;220;117;158;0;0;0;0;0;7;5;2;0;0;0;6;0;25;540
1.21.0531;SiesaEE GP y SST - IRI;52;40;17;0;0;0;0;0;6;4;2;0;0;0;1;0;0;122
1.21.0930;SiesaEE GP y SST - IRI;211;0;211;0;0;0;0;0;7;0;7;0;0;0;0;0;0;436
1.21.1130;SiesaEE GP y SST - IRI;480;0;480;0;0;0;0;0;40;0;40;0;0;0;0;0;0;1040
1.18.0131;SiesaEE GP y SST - MLB;131;349;0;522;58;932;NULL;217;27;27;0;14;14;0;43;4;364;2702
1.18.0328;SiesaEE GP y SST - MLB;347;624;0;527;178;762;91;526;33;33;0;21;21;0;81;4;500;3748
1.18.0531;SiesaEE GP y SST - MLB;325;393;0;752;195;890;236;402;52;52;0;19;19;0;47;4;133;3519
1.18.0731;SiesaEE GP y SST - MLB;536;659;0;506;195;696;161;478;27;27;0;22;22;0;49;4;160;3542
1.18.0928;SiesaEE GP y SST - MLB;162;367;0;685;187;903;90;291;12;12;0;8;8;0;31;4;171;2931
1.18.1130;SiesaEE GP y SST - MLB;331;365;0;722;221;898;79;554;19;19;0;14;14;0;17;4;99;3356
1.19.0131;SiesaEE GP y SST - MLB;182;204;0;718;168;846;78;573;13;13;0;1;1;0;33;4;150;2984
1.19.0329;SiesaEE GP y SST - MLB;347;530;0;0;0;747;110;248;26;26;0;14;14;0;48;0;151;2261
1.19.0531;SiesaEE GP y SST - MLB;139;497;0;612;263;907;75;402;27;27;0;13;13;0;43;4;429;3451
1.19.0731;SiesaEE GP y SST - MLB;281;279;0;0;0;799;46;325;21;21;0;6;6;0;29;0;105;1918
1.19.0930;SiesaEE GP y SST - MLB;440;523;0;540;263;1014;179;295;23;23;0;6;6;0;28;4;-325;3019
1.19.1129;SiesaEE GP y SST - MLB;208;197;0;647;255;1070;100;378;22;22;0;3;3;0;45;4;126;3080
1.20.0131;SiesaEE GP y SST - MLB;174;168;0;0;0;1028;83;444;16;16;0;3;3;0;19;0;123;2077
1.20.0331;SiesaEE GP y SST - MLB;396;484;0;765;246;859;82;271;30;30;0;13;13;0;30;4;50;3273
1.20.0529;SiesaEE GP y SST - MLB;196;189;0;0;0;1002;153;1154;5;5;0;5;5;0;18;0;69;2801
1.20.0731;SiesaEE GP y SST - MLB;121;261;0;0;0;1221;194;1290;8;8;0;7;7;0;31;0;121;3269
1.20.0930;SiesaEE GP y SST - MLB;178;245;0;0;0;1232;265;919;7;7;0;10;10;0;40;0;390;3303
1.20.1130;SiesaEE GP y SST - MLB;423;422;0;0;0;778;137;1551;21;21;0;9;9;0;21;0;124;3516
1.21.0129;SiesaEE GP y SST - MLB;22;53;0;0;0;975;258;1356;2;2;0;1;1;0;11;0;300;2981
1.21.0331;SiesaEE GP y SST - MLB;311;168;85;0;0;912;189;1172;11;10;1;4;4;0;32;0;283;3182
1.21.0531;SiesaEE GP y SST - MLB;516;72;408;0;0;111;102;437;11;3;8;18;8;10;19;0;77;1800
1.21.0730;SiesaEE GP y SST - MLB;245;0;245;0;0;NULL;3;8;4;0;4;0;0;0;0;0;0;509
1.21.0930;SiesaEE GP y SST - MLB;413;0;413;0;0;0;0;0;11;0;11;0;0;0;0;0;0;848
1.21.1130;SiesaEE GP y SST - MLB;0;0;0;0;0;0;0;0;2;0;2;0;0;0;0;0;0;4
1.18.0131;SiesaEE Nomina - IRI;346;663;0;365;238;813;133;421;21;21;0;4;4;0;22;3;3;3057
1.18.0328;SiesaEE Nomina - IRI;447;770;0;399;238;890;75;569;27;27;0;4;4;0;36;3;137;3626
1.18.0531;SiesaEE Nomina - IRI;560;964;0;323;263;540;5;1146;35;35;0;4;4;0;49;3;386;4317
1.18.0731;SiesaEE Nomina - IRI;706;1189;0;687;229;618;36;966;45;45;0;12;12;0;84;4;1040;5673
1.18.0928;SiesaEE Nomina - IRI;1014;978;0;729;243;503;158;612;51;51;0;6;6;0;54;4;241;4650
1.18.1130;SiesaEE Nomina - IRI;536;872;0;663;127;330;74;835;37;37;0;4;4;0;49;4;439;4011
1.19.0131;SiesaEE Nomina - IRI;421;866;0;565;245;745;38;515;30;30;0;12;12;0;57;4;1545;5085
1.19.0329;SiesaEE Nomina - IRI;802;1349;0;718;238;895;53;96;36;36;0;16;16;0;62;4;389;4710
1.19.0531;SiesaEE Nomina - IRI;649;1188;0;722;255;840;99;217;38;38;0;7;7;0;48;4;317;4429
1.19.0731;SiesaEE Nomina - IRI;465;1064;0;0;0;715;31;151;32;32;0;4;4;0;41;0;135;2674
1.19.0930;SiesaEE Nomina - IRI;591;881;0;640;255;676;74;345;34;34;0;3;3;0;40;4;102;3682
1.19.1129;SiesaEE Nomina - IRI;906;911;0;523;153;630;130;362;30;30;0;3;3;0;73;4;252;4010
1.20.0131;SiesaEE Nomina - IRI;1191;1327;0;0;0;602;186;359;47;47;0;8;8;0;39;0;183;3997
1.20.0331;SiesaEE Nomina - IRI;2267;2532;0;765;255;814;136;95;107;107;0;12;12;0;105;4;1513;8724
1.20.0529;SiesaEE Nomina - IRI;1448;1214;0;0;0;1049;205;913;55;55;0;17;17;0;66;0;382;5421
1.20.0731;SiesaEE Nomina - IRI;1202;1389;0;0;0;967;228;1410;65;65;0;10;10;0;67;0;242;5655
1.20.0930;SiesaEE Nomina - IRI;850;951;0;0;0;833;231;1122;45;45;0;32;31;1;89;0;1026;5256
1.20.1130;SiesaEE Nomina - IRI;634;809;17;0;0;914;236;1266;33;32;1;21;21;0;68;0;1220;5272
1.21.0129;SiesaEE Nomina - IRI;105;235;0;0;0;1030;207;1259;10;9;1;1;1;0;50;0;1427;4335
1.21.0331;SiesaEE Nomina - IRI;530;783;16;0;0;994;252;1164;30;28;2;32;32;0;57;0;746;4666
1.21.0531;SiesaEE Nomina - IRI;1902;505;1351;0;0;629;107;625;35;22;13;16;10;6;17;0;76;5314
1.21.0730;SiesaEE Nomina - IRI;10;10;0;0;0;0;0;0;1;1;0;0;0;0;0;0;0;22
1.21.0930;SiesaEE Nomina - IRI;136;0;136;0;0;0;0;0;3;0;3;0;0;0;0;0;0;278
1.21.1130;SiesaEE Nomina - IRI;253;0;253;0;0;0;0;0;6;0;6;0;0;0;0;0;0;518
1.18.0131;SiesaEE Nomina - MLB;896;1218;0;476;365;638;73;347;66;66;0;145;145;0;282;4;710;5431
1.18.0328;SiesaEE Nomina - MLB;807;1013;0;255;433;851;55;121;67;67;0;168;168;0;307;3;366;4681
1.18.0531;SiesaEE Nomina - MLB;1080;1279;0;518;527;899;NULL;682;68;68;0;148;148;0;298;4;407;6126
1.18.0731;SiesaEE Nomina - MLB;859;868;0;348;357;702;88;906;65;65;0;121;121;0;239;4;356;5099
1.18.0928;SiesaEE Nomina - MLB;1358;1497;0;597;358;1193;76;321;75;75;0;113;113;0;248;5;526;6555
1.18.1130;SiesaEE Nomina - MLB;1288;1324;0;31;256;787;460;1502;69;69;0;79;79;0;202;4;453;6603
1.19.0131;SiesaEE Nomina - MLB;1263;1371;0;983;0;1020;355;881;69;69;0;91;91;0;248;4;1001;7446
1.19.0329;SiesaEE Nomina - MLB;830;1260;0;654;527;916;180;500;57;57;0;137;137;0;268;5;746;6274
1.19.0531;SiesaEE Nomina - MLB;1048;1102;0;671;527;931;176;829;63;63;0;122;122;0;224;5;550;6433
1.19.0731;SiesaEE Nomina - MLB;1146;1408;0;0;0;970;167;939;61;61;0;114;114;0;204;0;437;5621
1.19.0930;SiesaEE Nomina - MLB;1454;2234;0;0;0;1319;217;668;73;73;0;103;103;0;245;0;785;7274
1.19.1129;SiesaEE Nomina - MLB;1513;1648;0;702;544;1247;347;933;59;59;0;95;95;0;226;5;657;8130
1.20.0131;SiesaEE Nomina - MLB;1506;1462;0;0;0;1176;256;712;72;72;0;80;80;0;207;0;437;6060
1.20.0331;SiesaEE Nomina - MLB;2793;2777;0;0;0;1147;194;569;127;127;0;106;106;0;251;0;833;9030
1.20.0529;SiesaEE Nomina - MLB;1474;1875;0;0;0;1315;531;836;67;67;0;85;85;0;170;0;403;6908
1.20.0731;SiesaEE Nomina - MLB;1735;2103;0;0;0;1530;322;1190;80;80;0;91;91;0;221;0;941;8384
1.20.0930;SiesaEE Nomina - MLB;1728;1832;0;0;0;1577;359;934;82;82;0;79;79;0;186;0;366;7304
1.20.1130;SiesaEE Nomina - MLB;1504;1880;8;0;0;1540;277;1554;80;77;3;82;81;1;184;0;509;7780
1.21.0129;SiesaEE Nomina - MLB;553;828;0;0;0;1706;477;1029;28;28;0;152;151;1;282;0;1351;6586
1.21.0331;SiesaEE Nomina - MLB;1938;1771;251;0;0;1912;440;645;93;80;13;186;181;5;316;0;1629;9460
1.21.0531;SiesaEE Nomina - MLB;3233;1137;2058;0;0;983;84;382;125;61;64;61;42;19;121;0;288;8658
1.21.0730;SiesaEE Nomina - MLB;150;13;142;0;0;0;0;0;13;2;11;0;0;0;0;0;0;331
1.21.0930;SiesaEE Nomina - MLB;168;0;168;0;0;0;0;0;8;0;8;0;0;0;0;0;0;352
1.21.1130;SiesaEE Nomina - MLB;457;0;457;0;0;0;0;0;10;0;10;0;0;0;0;0;0;934
1.18.0131;SiesaEE POS - IRI;0;0;0;179;255;254;19;82;0;0;0;0;0;0;0;2;0;791
1.18.0328;SiesaEE POS - IRI;0;0;0;246;246;278;9;60;0;0;0;0;0;0;0;2;0;841
1.18.0531;SiesaEE POS - IRI;0;0;0;165;272;186;20;169;0;0;0;0;0;0;0;2;0;814
1.18.0731;SiesaEE POS - IRI;0;0;0;227;246;242;39;65;0;0;0;0;0;0;0;2;0;821
1.18.0928;SiesaEE POS - IRI;0;0;0;238;263;312;63;115;0;0;0;0;0;0;0;2;0;993
1.18.1130;SiesaEE POS - IRI;0;0;0;336;272;547;76;124;0;0;0;0;0;0;1;3;0;1359
1.19.0131;SiesaEE POS - IRI;0;0;0;259;359;465;48;373;0;0;0;0;0;0;0;3;0;1507
1.19.0329;SiesaEE POS - IRI;0;0;0;213;476;305;55;352;0;0;0;0;0;0;1;3;0;1405
1.19.0531;SiesaEE POS - IRI;160;154;0;204;510;330;39;378;1;1;0;0;0;0;7;3;8;1795
1.19.0731;SiesaEE POS - IRI;295;307;0;202;493;298;25;390;9;9;0;12;12;0;18;3;13;2086
1.19.0930;SiesaEE POS - IRI;346;343;0;196;510;365;25;341;6;6;0;0;0;0;13;3;-225;1929
1.19.1129;SiesaEE POS - IRI;227;220;0;102;510;453;21;434;15;15;0;0;0;0;26;3;2;2028
1.20.0131;SiesaEE POS - IRI;419;412;0;471;510;672;89;94;15;15;0;0;0;0;11;4;0;2712
1.20.0331;SiesaEE POS - IRI;1007;982;0;231;510;553;8;193;32;32;0;0;0;0;12;3;-6;3557
1.20.0529;SiesaEE POS - IRI;501;484;0;210;476;580;98;702;17;17;0;0;0;0;16;3;20;3124
1.20.0731;SiesaEE POS - IRI;789;743;0;227;510;485;79;967;18;18;0;0;0;0;27;3;27;3893
1.20.0930;SiesaEE POS - IRI;833;811;0;218;510;539;111;912;30;30;0;2;2;0;38;4;-11;4029
1.20.1130;SiesaEE POS - IRI;740;783;0;218;493;534;143;813;30;30;0;8;8;0;46;4;58;3908
1.21.0129;SiesaEE POS - IRI;804;827;0;344;485;586;174;748;29;29;0;6;6;0;38;4;52;4132
1.21.0331;SiesaEE POS - IRI;1011;989;0;363;527;771;1;562;72;72;0;0;0;0;76;4;39;4487
1.21.0531;SiesaEE POS - IRI;596;160;426;466;493;369;NULL;428;30;19;11;0;0;0;24;4;18;3044
1.21.0730;SiesaEE POS - IRI;1100;0;1100;0;0;0;0;0;18;0;18;0;0;0;0;0;0;2236
1.21.0930;SiesaEE POS - IRI;110;0;110;0;0;0;0;0;2;0;2;0;0;0;0;0;0;224
1.21.1130;SiesaEE POS - IRI;20;0;20;0;246;0;0;0;1;0;1;0;0;0;0;1;0;289
1.18.0131;SiesaEE POS - MLB;1279;1436;0;127;255;382;71;233;91;91;0;189;189;0;494;2;329;5168
1.18.0328;SiesaEE POS - MLB;1592;1587;0;155;246;442;119;64;108;108;0;224;224;0;606;2;426;5903
1.18.0531;SiesaEE POS - MLB;2067;1754;0;263;272;569;86;45;114;114;0;314;314;0;734;2;389;7037
1.18.0731;SiesaEE POS - MLB;1129;1116;0;238;246;254;86;27;123;123;0;36;36;0;235;2;237;3888
1.18.0928;SiesaEE POS - MLB;1145;1052;0;263;263;570;94;73;112;112;0;48;48;0;226;2;388;4396
1.18.1130;SiesaEE POS - MLB;1584;1542;0;327;272;647;171;121;131;131;0;45;45;0;264;3;396;5679
1.19.0131;SiesaEE POS - MLB;1201;1294;0;299;236;613;232;588;101;101;0;30;30;0;207;3;284;5219
1.19.0329;SiesaEE POS - MLB;1512;1583;0;426;238;931;227;219;122;122;0;39;39;0;216;3;303;5980
1.19.0531;SiesaEE POS - MLB;1944;2070;0;588;255;1130;172;158;133;133;0;53;53;0;242;4;377;7312
1.19.0731;SiesaEE POS - MLB;1549;1527;0;627;246;1120;138;175;100;100;0;28;28;0;205;4;243;6090
1.19.0930;SiesaEE POS - MLB;1593;1647;0;753;255;1429;159;212;111;111;0;27;27;0;189;5;199;6717
1.19.1129;SiesaEE POS - MLB;1094;1126;0;474;255;1014;181;689;110;110;0;29;29;0;202;5;223;5541
1.20.0131;SiesaEE POS - MLB;1408;1386;0;968;255;1719;359;839;127;127;0;21;21;0;215;6;235;7686
1.20.0331;SiesaEE POS - MLB;2083;2077;0;839;255;1790;226;494;191;191;0;38;38;0;201;5;307;8735
1.20.0529;SiesaEE POS - MLB;1316;1499;0;797;238;1742;280;790;136;136;0;26;26;0;193;6;515;7700
1.20.0731;SiesaEE POS - MLB;1376;1610;0;1015;267;1830;231;1033;144;144;0;27;27;0;212;7;480;8403
1.20.0930;SiesaEE POS - MLB;1294;1452;0;1013;255;1680;289;969;122;122;0;57;57;0;201;7;341;7859
1.20.1130;SiesaEE POS - MLB;1185;1260;0;952;246;1479;147;964;99;99;0;50;50;0;144;7;193;6875
1.21.0129;SiesaEE POS - MLB;400;558;0;750;242;1370;145;1047;71;71;0;48;48;0;182;6;238;5176
1.21.0331;SiesaEE POS - MLB;976;1088;22;643;263;1431;154;899;171;170;1;87;86;1;314;6;576;6888
1.21.0531;SiesaEE POS - MLB;983;710;364;527;246;831;77;633;132;112;20;80;72;8;179;6;180;5160
1.21.0730;SiesaEE POS - MLB;484;5;478;0;0;0;0;0;20;1;19;0;0;0;0;0;0;1007
1.21.0930;SiesaEE POS - MLB;176;0;176;0;0;0;0;0;5;0;5;0;0;0;0;0;0;362
1.21.1130;SiesaEE POS - MLB;40;0;40;0;0;0;0;0;1;0;1;0;0;0;0;0;0;82
1.18.0131;SiesaFE Colombia;303;197;0;0;0;0;0;0;15;15;0;22;22;0;40;0;36;650
1.18.0328;SiesaFE Colombia;307;274;0;0;0;0;0;0;16;16;0;24;24;0;54;0;105;820
1.18.0531;SiesaFE Colombia;441;135;0;0;0;0;0;0;83;83;0;28;28;0;226;0;634;1658
1.18.0731;SiesaFE Colombia;609;508;0;0;0;0;0;0;92;92;0;30;30;0;304;0;1559;3224
1.18.0928;SiesaFE Colombia;1585;1500;0;0;0;0;0;0;395;395;0;41;41;0;454;0;5852;10263
1.18.1130;SiesaFE Colombia;1536;1177;0;0;0;0;0;0;586;586;0;116;116;0;1156;0;11609;16882
1.19.0131;SiesaFE Colombia;2323;2070;0;0;0;0;0;0;868;868;0;182;182;0;1315;0;1931;9739
1.19.0329;SiesaFE Colombia;1875;1544;0;0;0;0;0;0;672;672;0;160;160;0;1033;0;1397;7513
1.19.0531;SiesaFE Colombia;1595;1860;0;0;0;0;0;0;590;590;0;133;133;0;912;0;2687;8500
1.19.0731;SiesaFE Colombia;1073;1231;0;0;0;0;0;0;265;265;0;131;131;0;534;0;566;4196
1.19.0930;SiesaFE Colombia;1800;1974;0;0;0;0;0;0;706;706;0;133;133;0;1160;0;1680;8292
1.19.1129;SiesaFE Colombia;2856;3104;0;0;0;0;0;0;1230;1230;0;195;195;0;1755;0;11368;21933
1.20.0131;SiesaFE Colombia;4349;5307;0;0;0;0;0;0;1539;1539;0;498;498;0;2424;0;1803;17957
1.20.0331;SiesaFE Colombia;4675;4992;0;0;0;0;0;0;2165;2165;0;354;354;0;2042;0;772;17519
1.20.0529;SiesaFE Colombia;3216;3332;76;0;0;0;0;0;1051;1046;5;190;190;0;1502;0;1037;11645
1.20.0731;SiesaFE Colombia;4018;4077;15;0;0;0;0;0;1670;1669;1;241;241;0;2292;0;1634;15858
1.20.0930;SiesaFE Colombia;4693;4788;22;0;0;0;0;0;2069;2067;2;272;272;0;2639;0;1987;18811
1.20.1130;SiesaFE Colombia;4006;3974;27;0;0;70;NULL;10;1658;1655;3;282;282;0;2124;0;2265;16356
1.21.0129;SiesaFE Colombia;2401;2514;9;0;0;261;NULL;64;650;649;1;193;191;2;1070;0;1510;9515
1.21.0331;SiesaFE Colombia;3219;3240;198;0;0;252;3;42;716;700;16;190;186;4;1112;0;1118;10996
1.21.0531;SiesaFE Colombia;1725;1428;445;0;0;159;NULL;53;266;246;20;139;88;51;500;0;461;5581
1.21.0730;SiesaFE Colombia;7;0;7;0;0;0;0;0;2;0;2;0;0;0;0;0;0;18
1.19.0329;SiesaFE Colombia - Siesa 8.5;0;0;0;0;0;0;0;0;0;0;0;0;0;0;2;0;3;5
1.19.0531;SiesaFE Colombia - Siesa 8.5;4;4;0;0;0;0;0;0;2;2;0;0;0;0;4;0;10;26
1.19.0731;SiesaFE Colombia - Siesa 8.5;63;83;0;0;0;0;0;0;27;27;0;4;4;0;58;0;225;491
1.19.0930;SiesaFE Colombia - Siesa 8.5;511;427;0;0;0;0;0;0;109;109;0;22;22;0;203;0;331;1734
1.19.1129;SiesaFE Colombia - Siesa 8.5;469;470;0;0;0;0;0;0;136;136;0;31;31;0;187;0;404;1864
1.20.0131;SiesaFE Colombia - Siesa 8.5;552;636;0;0;0;0;0;0;168;168;0;30;30;0;228;0;197;2009
1.20.0331;SiesaFE Colombia - Siesa 8.5;435;544;0;0;0;0;0;0;169;169;0;14;14;0;181;0;177;1703
1.20.0529;SiesaFE Colombia - Siesa 8.5;260;231;0;0;0;0;0;0;98;98;0;9;9;0;129;0;195;1029
1.20.0731;SiesaFE Colombia - Siesa 8.5;287;354;0;0;0;0;0;0;122;122;0;11;11;0;164;0;269;1340
1.20.0930;SiesaFE Colombia - Siesa 8.5;387;445;9;0;0;0;0;0;121;120;1;22;22;0;168;0;268;1563
1.20.1130;SiesaFE Colombia - Siesa 8.5;382;474;0;0;0;0;0;0;116;116;0;32;32;0;149;0;332;1633
1.21.0129;SiesaFE Colombia - Siesa 8.5;151;240;0;0;0;0;0;0;62;62;0;15;15;0;72;0;94;711
1.21.0331;SiesaFE Colombia - Siesa 8.5;138;250;3;0;0;0;0;0;49;46;3;10;10;0;65;0;121;695
1.21.0531;SiesaFE Colombia - Siesa 8.5;149;133;46;0;0;0;0;0;37;28;9;5;4;1;34;0;51;497
1.18.0531;SiesaFE Colombia Formatos;0;0;0;0;0;97;NULL;11;0;0;0;0;0;0;0;0;0;108
1.18.0731;SiesaFE Colombia Formatos;0;0;0;0;0;22;NULL;NULL;0;0;0;0;0;0;0;0;0;22
1.18.0928;SiesaFE Colombia Formatos;0;0;0;0;0;98;NULL;NULL;0;0;0;0;0;0;0;0;0;98
1.18.1130;SiesaFE Colombia Formatos;0;0;0;0;0;12;NULL;NULL;0;0;0;0;0;0;0;0;0;12
1.19.0131;SiesaFE Colombia Formatos;0;0;0;0;0;4;NULL;NULL;0;0;0;0;0;0;0;0;0;4
1.19.0329;SiesaFE Colombia Formatos;0;0;0;0;0;97;NULL;23;0;0;0;0;0;0;0;0;0;120
1.19.0531;SiesaFE Colombia Formatos;0;0;0;0;0;305;NULL;116;0;0;0;0;0;0;0;0;0;421
1.19.0731;SiesaFE Colombia Formatos;0;0;0;0;0;219;20;141;0;0;0;0;0;0;0;0;0;380
1.19.0930;SiesaFE Colombia Formatos;0;0;0;0;0;267;25;242;0;0;0;0;0;0;0;0;0;534
1.19.1129;SiesaFE Colombia Formatos;0;0;0;491;0;431;21;179;0;0;0;0;0;0;0;2;0;1124
1.20.0131;SiesaFE Colombia Formatos;0;0;0;0;0;429;66;129;0;0;0;0;0;0;0;0;0;624
1.20.0331;SiesaFE Colombia Formatos;0;0;0;0;0;549;2;137;0;0;0;0;0;0;0;0;0;688
1.20.0529;SiesaFE Colombia Formatos;0;0;0;476;0;384;11;285;0;0;0;0;0;0;0;2;0;1158
1.20.0731;SiesaFE Colombia Formatos;0;0;0;493;0;520;2;250;0;0;0;0;0;0;0;2;0;1267
1.20.0930;SiesaFE Colombia Formatos;0;0;0;493;0;588;1;164;0;0;0;0;0;0;0;2;0;1248
1.20.1130;SiesaFE Colombia Formatos;0;0;0;459;0;541;6;952;0;0;0;0;0;0;0;4;0;1962
1.21.0129;SiesaFE Colombia Formatos;0;0;0;850;110;881;132;886;0;0;0;0;0;0;0;5;0;2864
1.21.0331;SiesaFE Colombia Formatos;0;0;0;1275;0;1376;1;500;0;0;0;0;0;0;0;5;0;3157
1.21.0531;SiesaFE Colombia Formatos;0;0;0;1190;0;761;1;350;0;0;0;0;0;0;0;5;0;2307
1.18.0131;SiesaFE Paises;42;42;0;0;0;0;0;0;2;2;0;0;0;0;7;0;13;108
1.18.0328;SiesaFE Paises;52;11;0;0;0;0;0;0;7;7;0;4;4;0;17;0;70;172
1.18.0531;SiesaFE Paises;133;193;0;0;0;0;0;0;17;17;0;12;12;0;41;0;52;477
1.18.0731;SiesaFE Paises;144;141;0;0;0;0;0;0;12;12;0;12;12;0;57;0;612;1002
1.18.0928;SiesaFE Paises;100;85;0;0;0;0;0;0;9;9;0;8;8;0;22;0;653;894
1.18.1130;SiesaFE Paises;163;131;0;0;0;0;0;0;16;16;0;29;29;0;50;0;2587;3021
1.19.0131;SiesaFE Paises;76;247;0;0;0;0;0;0;23;23;0;13;13;0;54;0;1219;1668
1.19.0329;SiesaFE Paises;166;245;0;0;0;0;0;0;44;44;0;21;21;0;52;0;986;1579
1.19.0531;SiesaFE Paises;124;337;0;0;0;0;0;0;33;33;0;42;42;0;82;0;1286;1979
1.19.0731;SiesaFE Paises;126;473;0;0;0;0;0;0;51;50;1;59;59;0;95;0;568;1482
1.19.0930;SiesaFE Paises;121;245;0;0;0;0;0;0;10;10;0;43;43;0;73;0;106;651
1.19.1129;SiesaFE Paises;152;539;0;0;0;0;0;0;24;24;0;30;30;0;70;0;425;1294
1.20.0131;SiesaFE Paises;118;287;0;0;0;0;0;0;14;14;0;44;44;0;58;0;274;853
1.20.0331;SiesaFE Paises;137;199;0;0;0;0;0;0;15;15;0;29;29;0;35;0;120;579
1.20.0529;SiesaFE Paises;43;38;0;0;0;0;0;0;5;5;0;13;13;0;22;0;139;278
1.20.0731;SiesaFE Paises;77;179;0;0;0;0;0;0;14;14;0;21;21;0;38;0;240;604
1.20.0930;SiesaFE Paises;34;82;0;0;0;0;0;0;8;8;0;15;15;0;32;0;138;332
1.20.1130;SiesaFE Paises;71;185;0;0;0;0;0;0;21;21;0;24;24;0;41;0;111;498
1.21.0129;SiesaFE Paises;33;200;0;0;0;0;0;0;24;24;0;27;27;0;81;0;358;774
1.21.0331;SiesaFE Paises;55;235;10;0;0;0;0;0;33;32;1;27;26;1;36;0;256;712
1.21.0531;SiesaFE Paises;16;113;0;0;0;0;0;0;10;9;1;14;14;0;25;0;26;228
1.18.0328;Uno.8_5 - IRI;0;0;0;0;0;17;8;26;0;0;0;0;0;0;0;0;0;51
1.18.0531;Uno.8_5 - IRI;0;0;0;0;0;0;0;0;0;0;0;0;0;0;1;0;1;2
1.18.0731;Uno.8_5 - IRI;0;0;0;0;0;0;0;0;0;0;0;0;0;0;1;0;4;5
1.18.1130;Uno.8_5 - IRI;0;0;0;0;0;NULL;68;96;0;0;0;0;0;0;0;0;0;164
1.19.0329;Uno.8_5 - IRI;18;24;0;0;0;0;0;0;1;1;0;0;0;0;0;0;0;44
1.19.0930;Uno.8_5 - IRI;0;0;0;0;0;0;0;0;0;0;0;0;0;0;1;0;NULL;1
1.19.1129;Uno.8_5 - IRI;0;0;0;69;209;29;106;315;0;0;0;0;0;0;0;1;0;729
1.20.0131;Uno.8_5 - IRI;0;0;0;34;237;42;74;182;0;0;0;0;0;0;0;1;0;570
1.20.0331;Uno.8_5 - IRI;0;0;0;74;104;10;19;20;0;0;0;0;0;0;0;1;0;228
1.20.0529;Uno.8_5 - IRI;0;0;0;0;0;27;41;214;0;0;0;0;0;0;0;0;0;282
1.20.0731;Uno.8_5 - IRI;0;0;0;0;0;82;32;318;0;0;0;0;0;0;0;0;0;432
1.20.0930;Uno.8_5 - IRI;0;0;0;0;0;80;65;293;0;0;0;0;0;0;0;0;0;438
1.20.1130;Uno.8_5 - IRI;0;0;0;0;0;96;46;274;0;0;0;0;0;0;0;0;0;416
1.21.0129;Uno.8_5 - IRI;0;0;0;0;0;69;42;258;0;0;0;0;0;0;0;0;0;369
1.21.0331;Uno.8_5 - IRI;0;0;0;0;0;66;52;272;0;0;0;0;0;0;0;0;0;390
1.21.0531;Uno.8_5 - IRI;0;0;0;0;0;29;30;176;0;0;0;0;0;0;0;0;0;235
1.18.0131;Uno.8_5 BI - MLB;76;64;0;0;0;0;0;0;9;9;0;1;1;0;10;0;11;181
1.18.0328;Uno.8_5 BI - MLB;41;21;0;0;0;0;0;0;3;3;0;3;3;0;25;0;20;119
1.18.0531;Uno.8_5 BI - MLB;131;76;0;0;0;0;0;0;14;14;0;5;5;0;15;0;14;274
1.18.0731;Uno.8_5 BI - MLB;28;9;0;0;0;0;0;0;2;2;0;4;4;0;6;0;9;64
1.18.0928;Uno.8_5 BI - MLB;24;30;0;0;0;0;0;0;1;1;0;7;7;0;7;0;16;93
1.18.1130;Uno.8_5 BI - MLB;11;8;0;0;0;0;0;0;1;1;0;4;4;0;8;0;21;58
1.19.0131;Uno.8_5 BI - MLB;45;35;0;0;0;0;0;0;4;4;0;6;6;0;15;0;15;130
1.19.0329;Uno.8_5 BI - MLB;38;38;0;0;0;0;0;0;6;6;0;2;2;0;10;0;8;110
1.19.0531;Uno.8_5 BI - MLB;59;46;0;0;0;0;0;0;6;6;0;5;5;0;22;0;39;188
1.19.0731;Uno.8_5 BI - MLB;91;57;0;0;0;0;0;0;8;8;0;8;8;0;25;0;49;254
1.19.0930;Uno.8_5 BI - MLB;81;90;0;0;0;0;0;0;11;11;0;7;7;0;19;0;29;255
1.19.1129;Uno.8_5 BI - MLB;40;63;0;0;0;0;0;0;4;4;0;4;4;0;13;0;10;142
1.20.0131;Uno.8_5 BI - MLB;31;48;0;0;0;0;0;0;1;1;0;5;5;0;11;0;26;128
1.20.0331;Uno.8_5 BI - MLB;49;95;0;0;0;0;0;0;6;6;0;5;5;0;14;0;25;205
1.20.0529;Uno.8_5 BI - MLB;57;96;0;0;0;0;0;0;4;4;0;6;6;0;9;0;12;194
1.20.0731;Uno.8_5 BI - MLB;31;73;0;0;0;0;0;0;2;2;0;5;5;0;9;0;12;139
1.20.0930;Uno.8_5 BI - MLB;29;34;4;0;0;0;0;0;1;1;0;7;6;1;14;0;27;124
1.20.1130;Uno.8_5 BI - MLB;49;71;0;0;0;0;0;0;3;3;0;7;7;0;12;0;33;185
1.21.0129;Uno.8_5 BI - MLB;37;70;0;0;0;0;0;0;1;1;0;7;7;0;4;0;14;141
1.21.0331;Uno.8_5 BI - MLB;10;36;0;0;0;0;0;0;0;0;0;2;2;0;6;0;7;63
1.21.0531;Uno.8_5 BI - MLB;45;7;40;0;0;0;0;0;1;0;1;1;1;0;4;0;8;108
1.18.0131;Uno.8_5 CM - MLB;333;156;0;0;0;0;0;0;39;39;0;34;34;0;81;0;144;860
1.18.0328;Uno.8_5 CM - MLB;380;300;0;0;0;105;44;76;47;47;0;28;28;0;160;0;365;1580
1.18.0531;Uno.8_5 CM - MLB;602;599;0;0;0;64;14;16;69;69;0;39;39;0;150;0;252;1913
1.18.0731;Uno.8_5 CM - MLB;380;260;0;0;0;0;0;0;39;39;0;48;48;0;113;0;168;1095
1.18.0928;Uno.8_5 CM - MLB;249;244;0;0;0;0;0;0;22;22;0;31;31;0;93;0;111;803
1.18.1130;Uno.8_5 CM - MLB;309;248;0;0;0;NULL;8;2;38;38;0;41;41;0;113;0;174;1012
1.19.0131;Uno.8_5 CM - MLB;408;301;0;0;0;6;NULL;NULL;34;34;0;39;39;0;98;0;117;1076
1.19.0329;Uno.8_5 CM - MLB;414;237;0;0;0;NULL;3;NULL;47;47;0;44;44;0;150;0;208;1194
1.19.0531;Uno.8_5 CM - MLB;280;219;0;0;0;0;0;0;32;32;0;35;35;0;86;0;102;821
1.19.0731;Uno.8_5 CM - MLB;256;232;0;0;0;0;0;0;23;23;0;32;32;0;121;0;164;883
1.19.0930;Uno.8_5 CM - MLB;394;318;9;0;0;32;3;6;43;42;1;42;42;0;116;0;142;1190
1.19.1129;Uno.8_5 CM - MLB;328;369;15;522;35;156;289;368;31;29;2;37;37;0;108;2;189;2517
1.20.0131;Uno.8_5 CM - MLB;377;405;0;509;34;166;215;196;47;47;0;36;36;0;100;2;140;2310
1.20.0331;Uno.8_5 CM - MLB;474;534;0;378;38;354;40;359;62;62;0;52;52;0;137;2;197;2741
1.20.0529;Uno.8_5 CM - MLB;440;411;0;0;0;411;110;448;44;44;0;45;45;0;108;0;112;2218
1.20.0731;Uno.8_5 CM - MLB;479;596;0;0;0;441;129;336;46;46;0;38;38;0;126;0;284;2559
1.20.0930;Uno.8_5 CM - MLB;431;495;20;0;0;619;103;316;38;36;2;57;57;0;110;0;179;2463
1.20.1130;Uno.8_5 CM - MLB;283;428;0;0;0;449;70;457;33;33;0;41;41;0;88;0;246;2169
1.21.0129;Uno.8_5 CM - MLB;255;368;0;0;0;581;127;579;19;19;0;51;51;0;78;0;256;2384
1.21.0331;Uno.8_5 CM - MLB;465;715;44;0;0;775;64;348;23;18;5;55;53;2;95;0;134;2796
1.21.0531;Uno.8_5 CM - MLB;337;276;126;0;0;466;45;221;34;19;15;36;32;4;51;0;61;1723
1.21.0730;Uno.8_5 CM - MLB;4;0;4;0;0;0;0;0;1;0;1;0;0;0;0;0;0;10
1.18.0131;Uno.8_5 FI - MLB;103;98;0;0;0;0;0;0;40;40;0;18;18;0;76;0;237;630
1.18.0328;Uno.8_5 FI - MLB;128;156;0;0;0;0;0;0;57;57;0;27;27;0;135;0;273;860
1.18.0531;Uno.8_5 FI - MLB;163;98;0;0;0;0;0;0;29;29;0;27;27;0;77;0;75;525
1.18.0731;Uno.8_5 FI - MLB;230;66;0;0;0;0;0;0;36;36;0;17;17;0;65;0;82;549
1.18.0928;Uno.8_5 FI - MLB;189;178;0;0;0;0;0;0;38;38;0;20;20;0;76;0;85;644
1.18.1130;Uno.8_5 FI - MLB;112;126;0;0;0;0;0;0;51;51;0;17;17;0;82;0;73;529
1.19.0131;Uno.8_5 FI - MLB;96;74;0;0;0;0;0;0;34;34;0;13;13;0;72;0;69;405
1.19.0329;Uno.8_5 FI - MLB;224;388;0;0;0;0;0;0;65;65;0;27;27;0;118;0;170;1084
1.19.0531;Uno.8_5 FI - MLB;106;96;5;0;0;0;0;0;34;33;1;22;22;0;102;0;133;554
1.19.0731;Uno.8_5 FI - MLB;235;295;0;0;0;0;0;0;50;50;0;17;17;0;102;0;139;905
1.19.0930;Uno.8_5 FI - MLB;245;227;0;0;0;0;0;0;48;48;0;20;20;0;93;0;368;1069
1.19.1129;Uno.8_5 FI - MLB;99;150;1;0;0;0;0;0;29;28;1;9;9;0;57;0;55;438
1.20.0131;Uno.8_5 FI - MLB;112;150;0;0;0;0;0;0;31;31;0;12;12;0;71;0;108;527
1.20.0331;Uno.8_5 FI - MLB;126;214;3;0;0;0;0;0;45;45;0;10;9;1;76;0;110;639
1.20.0529;Uno.8_5 FI - MLB;195;228;3;0;0;0;0;0;41;40;1;8;8;0;72;0;124;720
1.20.0731;Uno.8_5 FI - MLB;121;237;0;0;0;0;0;0;34;34;0;7;7;0;54;0;169;663
1.20.0930;Uno.8_5 FI - MLB;596;780;260;0;0;0;0;0;95;58;37;16;16;0;84;0;215;2157
1.20.1130;Uno.8_5 FI - MLB;453;494;45;0;0;0;0;0;53;52;1;17;17;0;86;0;338;1556
1.21.0129;Uno.8_5 FI - MLB;149;229;24;0;0;0;0;0;30;26;4;24;23;1;66;0;238;814
1.21.0331;Uno.8_5 FI - MLB;171;321;23;0;0;0;0;0;39;36;3;21;17;4;67;0;127;829
1.21.0531;Uno.8_5 FI - MLB;153;117;71;0;0;0;0;0;36;23;13;12;8;4;46;0;99;582
1.21.0730;Uno.8_5 FI - MLB;2;0;2;0;0;0;0;0;1;0;1;0;0;0;0;0;0;6
1.18.0131;Uno.8_5 FM - MLB;232;290;0;0;0;0;0;0;89;89;0;0;0;0;105;0;149;954
1.18.0328;Uno.8_5 FM - MLB;234;297;0;0;0;218;47;114;96;96;0;0;0;0;150;0;184;1436
1.18.0531;Uno.8_5 FM - MLB;296;266;0;0;0;508;49;68;97;97;0;0;0;0;120;0;135;1636
1.18.0731;Uno.8_5 FM - MLB;188;196;0;0;0;292;45;256;88;88;0;1;1;0;124;0;160;1439
1.18.0928;Uno.8_5 FM - MLB;158;154;0;0;0;339;105;417;64;64;0;0;0;0;104;0;139;1544
1.18.1130;Uno.8_5 FM - MLB;155;157;0;0;0;335;32;274;69;69;0;2;2;0;91;0;100;1286
1.19.0131;Uno.8_5 FM - MLB;71;72;0;0;0;143;2;250;38;38;0;0;0;0;66;0;96;776
1.19.0329;Uno.8_5 FM - MLB;149;145;0;0;0;288;NULL;136;58;58;0;0;0;0;89;0;95;1018
1.19.0531;Uno.8_5 FM - MLB;171;177;0;0;0;283;NULL;117;89;89;0;0;0;0;121;0;178;1225
1.19.0731;Uno.8_5 FM - MLB;173;180;0;0;0;220;6;176;78;78;0;1;1;0;94;0;86;1093
1.19.0930;Uno.8_5 FM - MLB;159;157;0;0;0;159;9;111;78;78;0;0;0;0;101;0;83;935
1.19.1129;Uno.8_5 FM - MLB;131;142;0;835;0;401;444;374;61;61;0;1;1;0;69;3;82;2605
1.20.0131;Uno.8_5 FM - MLB;38;38;0;814;0;204;24;35;28;28;0;0;0;0;39;3;47;1298
1.20.0331;Uno.8_5 FM - MLB;90;97;0;867;0;428;9;272;47;47;0;0;0;0;82;3;87;2029
1.20.0529;Uno.8_5 FM - MLB;174;209;0;0;0;671;68;226;119;119;0;1;1;0;132;0;129;1849
1.20.0731;Uno.8_5 FM - MLB;155;159;0;0;0;662;261;263;96;96;0;0;0;0;143;0;180;2015
1.20.0930;Uno.8_5 FM - MLB;243;253;0;0;0;862;100;223;113;113;0;8;8;0;132;0;168;2223
1.20.1130;Uno.8_5 FM - MLB;192;206;0;0;0;719;110;394;99;99;0;6;6;0;133;0;214;2178
1.21.0129;Uno.8_5 FM - MLB;130;135;0;0;0;627;58;513;60;60;0;6;6;0;56;0;87;1738
1.21.0331;Uno.8_5 FM - MLB;68;89;7;0;0;794;49;291;25;24;1;4;3;1;23;0;35;1414
1.21.0531;Uno.8_5 FM - MLB;27;11;16;0;0;431;33;227;8;4;4;1;1;0;13;0;40;816
1.18.0131;Uno.8_5 NM - MLB;227;202;0;0;0;0;0;0;26;26;0;43;43;0;76;0;156;799
1.18.0328;Uno.8_5 NM - MLB;311;112;0;0;0;352;30;148;29;29;0;54;54;0;136;0;209;1464
1.18.0531;Uno.8_5 NM - MLB;398;567;0;0;0;423;52;462;34;34;0;45;45;0;79;0;93;2232
1.18.0731;Uno.8_5 NM - MLB;308;251;0;0;0;332;9;1032;12;12;0;34;34;0;61;0;50;2135
1.18.0928;Uno.8_5 NM - MLB;253;303;0;0;0;626;12;165;11;11;0;30;30;0;49;0;38;1528
1.18.1130;Uno.8_5 NM - MLB;143;183;0;0;0;644;6;197;13;13;0;31;31;0;71;0;79;1411
1.19.0131;Uno.8_5 NM - MLB;145;144;0;0;0;252;5;266;15;15;0;21;21;0;59;0;184;1127
1.19.0329;Uno.8_5 NM - MLB;232;423;0;0;0;251;27;116;16;16;0;43;43;0;147;0;334;1648
1.19.0531;Uno.8_5 NM - MLB;332;444;0;0;0;368;99;297;31;31;0;35;35;0;84;0;230;1986
1.19.0731;Uno.8_5 NM - MLB;142;252;0;0;0;191;31;521;10;10;0;26;26;0;74;0;88;1371
1.19.0930;Uno.8_5 NM - MLB;149;234;0;0;0;469;81;214;18;18;0;21;21;0;55;0;52;1332
1.19.1129;Uno.8_5 NM - MLB;320;251;0;487;70;454;52;291;14;14;0;15;15;0;48;2;75;2108
1.20.0131;Uno.8_5 NM - MLB;184;234;0;475;68;456;74;228;17;17;0;28;28;0;56;2;56;1923
1.20.0331;Uno.8_5 NM - MLB;256;322;0;485;76;350;114;189;23;23;0;41;41;0;72;2;91;2085
1.20.0529;Uno.8_5 NM - MLB;110;125;0;0;0;416;85;284;9;9;0;26;26;0;39;0;26;1155
1.20.0731;Uno.8_5 NM - MLB;163;237;0;0;0;469;42;364;10;10;0;25;25;0;37;0;47;1429
1.20.0930;Uno.8_5 NM - MLB;143;196;0;0;0;437;48;367;9;9;0;23;23;0;36;0;67;1358
1.20.1130;Uno.8_5 NM - MLB;145;168;0;0;0;477;76;285;19;19;0;24;24;0;56;0;69;1362
1.21.0129;Uno.8_5 NM - MLB;140;167;20;0;0;484;62;319;7;5;2;33;33;0;52;0;62;1386
1.21.0331;Uno.8_5 NM - MLB;244;225;25;0;0;491;74;270;21;18;3;34;34;0;62;0;185;1686
1.21.0531;Uno.8_5 NM - MLB;263;162;153;0;0;325;60;131;17;10;7;14;14;0;28;0;12;1196
1.21.0730;Uno.8_5 NM - MLB;94;0;94;0;0;0;0;0;6;0;6;0;0;0;0;0;0;200