f_version;f_equipo;f_hor_plan_s;f_hor_ter_s;f_hor_dif_s;f_hor_cap_d;f_hor_cap_c;f_hor_act_d;f_hor_act_o_d;f_hor_act_o;f_nro_req_t;f_nro_inc_t;f_nro_req_n;f_nro_rec
1.13.0617;Siesa Interno;81;98;17;0;0;0;0;0;9;3;20;0
1.13.0617;Siesa Migracion;0;0;0;0;0;246;0;126;4;0;8;0
1.13.0617;SiesaEE CM - MLB;1022;1188;166;0;0;1052;201;387;154;46;482;0
1.13.0617;SiesaEE FN y VH - MLB;764;660;-104;0;0;0;0;0;80;32;318;0
1.13.0617;SiesaEE Nomina - MLB;211;213;2;0;0;0;0;0;11;49;139;0
1.13.0617;SiesaEE POS - MLB;188;166;-22;0;0;200;27;54;28;32;112;0
1.13.0617;UnoWeb Adm Espacios;106;125;19;0;0;0;0;0;6;6;7;0
1.13.0730;Siesa Interno;33;27;-6;0;0;0;0;0;6;1;10;0
1.13.0730;SiesaEE CM - MLB;1120;1393;273;0;0;1076;157;137;142;66;440;0
1.13.0730;SiesaEE FN y VH - MLB;312;290;-22;0;0;8;0;0;52;30;280;0
1.13.0730;SiesaEE Nomina - MLB;309;283;-26;0;0;0;0;0;12;61;134;0
1.13.0730;SiesaEE POS - MLB;276;164;-112;0;0;430;6;46;17;46;138;0
1.13.0730;UnoWeb;10;11;1;0;0;0;0;0;1;1;2;0
1.13.0730;UnoWeb Adm Espacios;9;9;0;0;0;0;0;0;4;0;6;0
1.13.0830;Siesa Interno;48;83;35;0;0;0;0;0;4;0;6;0
1.13.0830;Siesa Migracion;0;0;0;0;0;111;6;266;22;0;4;0
1.13.0830;SiesaEE CM - MLB;661;921;260;0;0;616;68;248;83;50;336;0
1.13.0830;SiesaEE FN y VH - MLB;220;262;42;0;0;0;0;0;27;3;212;0
1.13.0830;SiesaEE Nomina - MLB;502;519;17;0;0;0;0;0;24;16;95;0
1.13.0830;SiesaEE POS - MLB;224;199;-25;0;0;369;5;114;14;29;146;0
1.13.0830;UnoWeb Adm Espacios;1;1;0;0;0;0;0;0;1;0;8;0
1.13.0930;Siesa Interno;137;60;-77;0;0;0;0;0;11;1;22;0
1.13.0930;Siesa Migracion;0;0;0;0;0;148;1;329;14;0;67;0
1.13.0930;SiesaEE CM - MLB;914;1158;244;0;0;872;293;495;142;43;361;0
1.13.0930;SiesaEE FN y VH - MLB;284;316;32;0;0;197;0;43;42;21;257;0
1.13.0930;SiesaEE Nomina - MLB;615;548;-67;0;0;0;0;0;29;72;83;0
1.13.0930;SiesaEE POS - MLB;272;272;0;0;0;177;21;105;37;37;130;0
1.13.0930;UnoWeb Adm Espacios;24;109;85;0;0;0;0;0;5;4;13;0
1.13.1130;Siesa Interno;57;61;4;0;0;0;0;0;9;3;22;0
1.13.1130;Siesa Migracion;0;0;0;0;0;254;0;422;14;0;114;0
1.13.1130;SiesaEE CM - MLB;1645;1816;171;0;0;1237;325;537;228;66;625;0
1.13.1130;SiesaEE FN y VH - MLB;807;1212;405;0;0;343;0;90;82;33;373;0
1.13.1130;SiesaEE Nomina - MLB;331;296;-35;0;0;0;0;0;24;46;99;0
1.13.1130;SiesaEE POS - MLB;585;621;36;0;0;276;14;133;60;74;209;0
1.13.1130;UnoWeb;4;3;-1;0;0;0;0;0;1;0;2;0
1.13.1130;UnoWeb Adm Espacios;64;157;93;0;0;0;0;0;9;2;22;0
1.13.1220;Siesa Interno;44;55;11;0;0;0;0;0;3;0;2;0
1.13.1220;Siesa Migracion;0;0;0;0;0;120;1;19;36;0;0;0
1.13.1220;SiesaEE CM - MLB;488;588;100;0;0;455;54;89;74;28;265;0
1.13.1220;SiesaEE FN y VH - MLB;379;353;-26;0;0;114;0;4;38;23;133;0
1.13.1220;SiesaEE Nomina - MLB;114;138;24;0;0;0;0;0;5;20;66;0
1.13.1220;SiesaEE POS - MLB;178;233;55;0;0;152;8;1;14;25;106;0
1.13.1220;UnoWeb Adm Espacios;9;9;0;0;0;0;0;0;2;1;19;0
1.14.0215;Siesa Interno;81;105;24;0;0;0;0;0;12;9;30;0
1.14.0215;Siesa Migracion;72;65;-7;0;0;183;7;34;60;3;22;0
1.14.0215;SiesaEE CM - MLB;1019;1043;24;0;0;680;174;57;141;69;490;0
1.14.0215;SiesaEE FN y VH - MLB;453;466;13;0;0;153;0;17;75;17;279;0
1.14.0215;SiesaEE Nomina - MLB;154;140;-14;0;0;0;0;0;1;56;56;0
1.14.0215;SiesaEE POS - MLB;186;181;-5;0;0;137;3;27;17;35;107;0
1.14.0215;UnoWeb;2;2;0;0;0;0;0;0;0;1;4;0
1.14.0215;UnoWeb Adm Espacios;37;45;8;0;0;0;0;0;4;0;9;0
1.14.0315;Siesa Interno;71;95;24;0;0;0;0;0;8;3;17;0
1.14.0315;Siesa Migracion;118;164;46;0;0;164;5;31;18;0;37;0
1.14.0315;SiesaEE CM - IRI;25;25;0;0;0;138;22;68;6;0;13;0
1.14.0315;SiesaEE CM - MLB;811;902;91;0;0;782;132;61;76;63;415;0
1.14.0315;SiesaEE FN y VH - MLB;340;364;24;0;0;171;3;52;38;22;261;0
1.14.0315;SiesaEE GP y SST - MLB;65;67;2;0;0;0;0;0;9;2;27;0
1.14.0315;SiesaEE Nomina - MLB;147;144;-3;0;0;0;0;0;9;34;73;0
1.14.0315;SiesaEE POS - MLB;247;257;10;0;0;149;4;3;16;34;144;0
1.14.0315;UnoWeb;2;2;0;0;0;0;0;0;0;1;6;0
1.14.0315;UnoWeb Adm Espacios;206;220;14;0;0;0;0;0;7;0;8;0
1.14.0430;Siesa Interno;133;170;37;0;0;0;0;0;15;4;25;0
1.14.0430;Siesa Migracion;10;128;118;0;0;22;0;0;7;0;12;0
1.14.0430;SiesaEE CM - MLB;1236;1256;20;0;0;1099;115;241;153;86;430;0
1.14.0430;SiesaEE FN y VH - MLB;515;564;49;0;0;396;21;109;90;48;328;0
1.14.0430;SiesaEE GP y SST - MLB;204;252;48;0;0;0;0;0;4;0;30;0
1.14.0430;SiesaEE Nomina - MLB;454;647;193;0;0;327;37;120;26;54;88;0
1.14.0430;SiesaEE POS - MLB;223;174;-49;0;0;261;38;127;14;50;126;0
1.14.0430;UnoWeb;34;79;45;0;0;0;0;0;2;2;7;0
1.14.0430;UnoWeb Adm Espacios;21;19;-2;0;0;0;0;0;1;3;20;0
1.14.0616;Siesa Interno;135;149;14;0;0;0;0;0;19;1;27;0
1.14.0616;Siesa Migracion;172;302;130;0;0;2;0;0;37;0;28;0
1.14.0616;SiesaEE CM - MLB;1533;1812;279;0;0;1135;144;552;152;86;534;0
1.14.0616;SiesaEE FN y VH - MLB;600;657;57;0;0;392;38;159;86;70;382;0
1.14.0616;SiesaEE GP y SST - MLB;530;524;-6;0;0;0;0;0;18;2;55;0
1.14.0616;SiesaEE Nomina - MLB;440;523;83;0;0;252;24;324;15;61;137;0
1.14.0616;SiesaEE POS - MLB;315;361;46;0;0;372;5;68;26;92;228;0
1.14.0616;UnoWeb Adm Espacios;363;18;-345;0;0;0;0;0;13;0;16;0
1.14.0718;Siesa Interno;187;195;8;0;0;0;0;0;23;3;23;0
1.14.0718;Siesa Migracion;0;3;3;0;0;42;0;0;15;0;4;0
1.14.0718;SiesaEE CM - IRI;80;86;6;0;0;129;32;68;5;0;7;0
1.14.0718;SiesaEE CM - MLB;1066;919;-147;0;0;773;112;273;92;47;341;0
1.14.0718;SiesaEE FN y VH - MLB;520;518;-2;0;0;255;2;147;51;45;218;0
1.14.0718;SiesaEE GP y SST - MLB;118;75;-43;0;0;0;0;0;4;3;33;0
1.14.0718;SiesaEE Nomina - MLB;314;351;37;0;0;186;1;62;20;41;114;0
1.14.0718;SiesaEE POS - MLB;173;265;92;0;0;85;11;697;27;42;155;0
1.14.0718;UnoWeb Adm Espacios;50;38;-12;0;0;0;0;0;10;0;20;0
1.14.0718;UnoWeb Comercial;8;6;-2;0;0;0;0;0;3;0;4;0
1.14.0829;Siesa Interno;276;305;29;0;0;0;0;0;28;1;35;0
1.14.0829;SiesaEE CM - IRI;48;86;38;0;0;375;12;83;4;0;13;0
1.14.0829;SiesaEE CM - MLB;1626;1724;98;0;0;1241;127;257;148;66;550;0
1.14.0829;SiesaEE FN y VH - MLB;665;827;162;0;0;251;0;60;71;59;348;0
1.14.0829;SiesaEE GP y SST - MLB;209;277;68;0;0;0;0;0;14;5;41;0
1.14.0829;SiesaEE Nomina - MLB;518;699;181;0;0;290;0;332;20;110;174;0
1.14.0829;SiesaEE POS - MLB;322;451;129;0;0;479;15;55;28;73;217;0
1.14.0829;UnoWeb Adm Espacios;58;20;-38;0;0;0;0;0;7;2;22;0
1.14.0829;UnoWeb Comercial;1;1;0;0;0;0;0;0;0;1;13;0
1.14.1017;Siesa Interno;395;1065;670;0;0;0;0;0;44;3;96;0
1.14.1017;SiesaEE CM - IRI;122;122;0;0;0;258;5;62;6;1;28;0
1.14.1017;SiesaEE CM - MLB;2241;2424;183;0;0;1459;203;531;237;110;772;0
1.14.1017;SiesaEE FN y VH - MLB;1203;1514;311;0;0;1247;20;58;125;66;460;0
1.14.1017;SiesaEE GP y SST - IRI;0;11;11;0;0;0;0;0;1;0;6;0
1.14.1017;SiesaEE GP y SST - MLB;479;415;-64;0;0;0;0;0;34;3;66;0
1.14.1017;SiesaEE Nomina - MLB;949;1220;271;0;0;590;13;353;47;128;278;0
1.14.1017;SiesaEE POS - MLB;610;667;57;0;0;915;51;26;41;134;333;0
1.14.1017;UnoWeb Adm Espacios;117;123;6;0;0;0;0;0;15;3;36;0
1.14.1017;UnoWeb Comercial;2;2;0;0;0;0;0;0;1;1;11;0
1.14.1205;Siesa FrameWork;21;150;129;0;0;259;0;48;22;0;113;0
1.14.1205;Siesa Interno;608;1431;823;0;0;0;0;0;84;3;180;0
1.14.1205;Siesa Migracion;54;345;291;0;0;771;0;602;9;1;18;0
1.14.1205;SiesaEE CM - IRI;125;122;-3;0;0;258;5;62;6;2;34;0
1.14.1205;SiesaEE CM - MLB;4341;4446;105;0;0;2597;329;687;428;215;1451;0
1.14.1205;SiesaEE FN y VH - MLB;2094;2370;276;0;0;1785;20;131;218;102;877;0
1.14.1205;SiesaEE GP y SST - IRI;28;111;83;0;0;0;0;0;15;0;53;0
1.14.1205;SiesaEE GP y SST - MLB;479;422;-57;0;0;0;0;0;35;6;74;0
1.14.1205;SiesaEE Nomina - MLB;1724;2304;580;0;0;1359;48;458;109;236;521;0
1.14.1205;SiesaEE POS - MLB;999;1073;74;0;0;1654;129;45;71;218;557;0
1.14.1205;UnoWeb Adm Espacios;171;291;120;0;0;0;0;0;32;3;64;0
1.14.1205;UnoWeb Comercial;4;4;0;0;0;0;0;0;2;1;32;0
1.15.0213;Siesa FrameWork;884;191;-693;0;0;247;1;508;22;0;53;0
1.15.0213;Siesa Interno;503;677;174;0;0;0;0;0;57;1;98;0
1.15.0213;Siesa Migracion;237;334;97;0;0;729;0;259;14;5;11;0
1.15.0213;Siesa Mobile;5;6;1;0;0;0;0;0;0;1;5;0
1.15.0213;SiesaEE CM - IRI;246;103;-143;0;0;229;10;3319;4;3;33;0
1.15.0213;SiesaEE CM - MLB;2736;2615;-121;0;0;1612;138;386;311;143;892;0
1.15.0213;SiesaEE FN y VH - MLB;1343;1328;-15;0;0;678;6;165;137;89;645;0
1.15.0213;SiesaEE GP y SST - IRI;144;174;30;0;0;0;0;0;14;1;20;0
1.15.0213;SiesaEE GP y SST - MLB;61;39;-22;0;0;0;0;0;4;3;29;0
1.15.0213;SiesaEE Nomina - MLB;1127;1341;214;0;0;947;54;154;56;169;419;0
1.15.0213;SiesaEE POS - MLB;424;483;59;0;0;1014;80;245;28;140;306;0
1.15.0213;UnoWeb Adm Espacios;69;65;-4;0;0;0;0;0;20;2;51;0
1.15.0213;UnoWeb Comercial;3;3;0;0;0;0;0;0;2;0;21;0
1.15.0327;Siesa FrameWork;176;320;144;0;0;270;0;24;25;5;55;0
1.15.0327;Siesa Interno;554;608;54;0;0;0;0;0;61;0;104;0
1.15.0327;Siesa Migracion;116;182;66;0;0;438;2;161;17;4;23;0
1.15.0327;Siesa Mobile;32;43;11;0;0;0;0;0;3;1;18;0
1.15.0327;SiesaEE CM - IRI;372;409;37;0;0;277;71;592;16;1;24;0
1.15.0327;SiesaEE CM - MLB;1128;1037;-91;0;0;785;71;299;188;68;640;0
1.15.0327;SiesaEE FN - GC;9;9;0;0;0;0;0;0;0;3;3;0
1.15.0327;SiesaEE FN y VH - MLB;897;1137;240;0;0;463;0;68;97;49;434;0
1.15.0327;SiesaEE GP y SST - IRI;222;210;-12;0;0;0;0;0;14;1;61;0
1.15.0327;SiesaEE GP y SST - MLB;474;355;-119;0;0;0;0;0;23;6;14;0
1.15.0327;SiesaEE Nomina - MLB;807;961;154;0;0;612;31;43;33;104;315;0
1.15.0327;SiesaEE POS - MLB;332;315;-17;0;0;609;9;24;24;86;226;0
1.15.0327;UnoWeb Adm Espacios;377;163;-214;0;0;0;0;0;27;0;54;0
1.15.0515;Siesa FrameWork;38;92;54;0;0;293;0;76;2;3;16;0
1.15.0515;Siesa Interno;317;495;178;0;0;0;0;0;60;1;95;0
1.15.0515;Siesa Migracion;8;16;8;0;0;537;2;190;1;0;0;0
1.15.0515;Siesa Mobile;196;207;11;0;0;0;0;0;16;1;13;0
1.15.0515;SiesaEE CM - IRI;524;417;-107;0;0;543;131;274;28;2;34;0
1.15.0515;SiesaEE CM - MLB;1930;1818;-112;0;0;1170;163;394;293;76;600;0
1.15.0515;SiesaEE FN - GC;2;2;0;0;0;0;0;0;0;1;1;0
1.15.0515;SiesaEE FN y VH - MLB;921;1035;114;0;0;495;0;115;115;40;452;0
1.15.0515;SiesaEE GP y SST - IRI;28;48;20;0;0;0;0;0;2;0;12;0
1.15.0515;SiesaEE Nomina - MLB;869;933;64;0;0;675;79;118;37;113;237;0
1.15.0515;SiesaEE POS - MLB;626;493;-133;0;0;781;96;58;38;113;241;0
1.15.0515;UnoWeb Adm Espacios;160;245;85;0;0;0;0;0;18;12;33;0
1.15.0515;UnoWeb Comercial;2;20;18;0;0;0;0;0;1;0;131;0
1.15.0717;Siesa FrameWork;2;285;283;0;0;378;0;96;3;0;27;0
1.15.0717;Siesa Interno;188;401;213;0;0;0;0;0;54;1;104;0
1.15.0717;Siesa Migracion;70;82;12;0;0;760;4;107;3;1;14;0
1.15.0717;Siesa Mobile;107;130;23;0;0;0;0;0;5;10;20;0
1.15.0717;SiesaEE CM - IRI;348;448;100;0;0;588;154;317;23;4;47;0
1.15.0717;SiesaEE CM - MLB;2110;1895;-215;0;0;1351;138;587;211;93;661;0
1.15.0717;SiesaEE FN - GC;6;3;-3;0;0;0;0;0;0;2;7;0
1.15.0717;SiesaEE FN y VH - MLB;1224;1321;97;0;0;441;0;12;150;59;549;0
1.15.0717;SiesaEE GP y SST - MLB;4;3;-1;0;0;15;14;95;0;2;45;0
1.15.0717;SiesaEE Nomina - MLB;1075;1096;21;0;0;591;68;542;46;160;325;0
1.15.0717;SiesaEE POS - MLB;570;545;-25;0;0;897;82;107;43;73;321;0
1.15.0717;UnoWeb Adm Espacios;1575;596;-979;0;0;0;0;0;38;3;87;0
1.15.0918;Siesa FrameWork;44;370;326;0;0;378;0;96;4;3;20;0
1.15.0918;Siesa Interno;203;358;155;0;0;0;0;0;64;0;96;0
1.15.0918;Siesa Migracion;111;135;24;0;0;691;0;330;10;0;4;0
1.15.0918;Siesa Mobile;143;210;67;0;0;0;0;0;9;14;27;0
1.15.0918;SiesaEE CM - IRI;684;705;21;0;0;517;68;182;28;1;36;0
1.15.0918;SiesaEE CM - MLB;2496;2221;-275;0;0;1524;195;391;234;99;884;0
1.15.0918;SiesaEE FN - GC;14;14;0;0;0;0;0;0;1;4;7;0
1.15.0918;SiesaEE FN y VH - MLB;1188;1174;-14;0;0;349;0;0;157;36;500;0
1.15.0918;SiesaEE GP y SST - MLB;4;5;1;0;0;2;0;0;0;3;23;0
1.15.0918;SiesaEE Nomina - IRI;16;2;-14;0;0;810;119;563;1;0;0;0
1.15.0918;SiesaEE Nomina - MLB;1471;1516;45;0;0;552;137;123;57;128;298;0
1.15.0918;SiesaEE POS - MLB;669;704;35;0;0;946;125;78;42;103;364;0
1.15.0918;UnoWeb Adm Espacios;114;92;-22;0;0;0;0;0;7;5;24;0
1.15.1120;Siesa FrameWork;284;513;229;0;0;389;0;72;20;8;44;0
1.15.1120;Siesa Interno;278;408;130;0;0;0;0;0;64;2;77;0
1.15.1120;Siesa Migracion;137;242;105;0;0;710;0;165;12;3;12;0
1.15.1120;Siesa Mobile;189;154;-35;0;0;0;0;0;15;6;9;0
1.15.1120;SiesaEE CM - IRI;489;568;79;0;0;503;96;285;30;2;47;0
1.15.1120;SiesaEE CM - MLB;1972;2237;265;0;0;1623;158;893;202;79;923;0
1.15.1120;SiesaEE FN - GC;9;9;0;0;0;0;0;0;0;2;6;0
1.15.1120;SiesaEE FN y VH - MLB;1175;1163;-12;0;0;410;0;15;141;25;509;0
1.15.1120;SiesaEE GP y SST - IRI;3;2;-1;0;0;0;0;0;0;3;14;0
1.15.1120;SiesaEE GP y SST - MLB;3;3;0;0;0;0;0;0;0;3;26;0
1.15.1120;SiesaEE Nomina - MLB;1317;1341;24;0;0;683;52;132;61;127;278;0
1.15.1120;SiesaEE POS - MLB;757;742;-15;0;0;1044;129;119;34;141;416;0
1.15.1120;UnoWeb Adm Espacios;89;112;23;0;0;0;0;0;12;7;27;0
1.15.1218;Siesa FrameWork;0;21;21;0;0;185;0;4;1;1;21;0
1.15.1218;Siesa Interno;143;299;156;0;0;0;0;0;30;0;32;0
1.15.1218;Siesa Migracion;0;87;87;0;0;340;0;54;3;0;3;0
1.15.1218;Siesa Mobile;88;98;10;0;0;0;0;0;7;3;9;0
1.15.1218;SiesaEE CM - IRI;217;207;-10;0;0;206;64;125;15;3;33;0
1.15.1218;SiesaEE CM - MLB;836;978;142;0;0;698;115;269;103;52;452;0
1.15.1218;SiesaEE FN y VH - MLB;412;450;38;0;0;189;0;5;56;25;205;0
1.15.1218;SiesaEE GP y SST - IRI;1;1;0;0;0;0;0;0;1;0;6;0
1.15.1218;SiesaEE GP y SST - MLB;1;0;-1;0;0;0;0;0;1;0;24;0
1.15.1218;SiesaEE Nomina - MLB;533;387;-146;0;0;305;65;15;11;92;188;0
1.15.1218;SiesaEE POS - MLB;377;338;-39;0;0;466;81;44;19;53;230;0
1.15.1218;UnoWeb Adm Espacios;12;10;-2;0;0;0;0;0;0;2;4;0
1.16.0122;Siesa FrameWork;0;29;29;0;0;158;0;168;2;4;13;0
1.16.0122;Siesa Interno;148;239;91;0;0;0;0;0;36;0;39;0
1.16.0122;Siesa Migracion;0;0;0;0;0;342;0;201;0;1;3;0
1.16.0122;Siesa Mobile;30;14;-16;0;0;0;0;0;3;1;1;0
1.16.0122;SiesaEE CM - IRI;219;175;-44;0;0;183;51;615;9;5;9;0
1.16.0122;SiesaEE CM - MLB;1703;1532;-171;0;0;1113;202;239;213;61;449;0
1.16.0122;SiesaEE FN y VH - MLB;722;674;-48;0;0;320;0;29;77;16;210;0
1.16.0122;SiesaEE GP y SST - MLB;161;1;-160;0;0;0;0;36;2;0;9;0
1.16.0122;SiesaEE Nomina - MLB;1344;1440;96;0;0;328;40;127;50;78;169;0
1.16.0122;SiesaEE POS - MLB;460;488;28;0;0;416;28;415;24;60;214;0
1.16.0122;UnoWeb Adm Espacios;19;271;252;0;0;0;0;0;1;4;5;0
1.16.0331;Siesa FrameWork;8;460;452;0;0;401;0;171;9;8;50;0
1.16.0331;Siesa Interno;88;541;453;0;0;0;0;0;62;0;101;0
1.16.0331;Siesa Migracion;173;1527;1354;231;0;625;1;329;10;0;5;1
1.16.0331;Siesa Mobile;135;214;79;0;0;0;0;0;9;8;14;0
1.16.0331;SiesaEE CM - IRI;588;630;42;579;0;682;176;793;18;11;45;3
1.16.0331;SiesaEE CM - MLB;3989;3561;-428;1072;0;2802;350;348;388;141;957;5
1.16.0331;SiesaEE FN - GC;2;2;0;0;0;0;0;0;0;2;12;0
1.16.0331;SiesaEE FN y VH - MLB;1552;1574;22;202;0;382;23;100;170;36;573;1
1.16.0331;SiesaEE GP y SST - MLB;30;54;24;0;0;0;0;0;12;1;74;0
1.16.0331;SiesaEE Nomina - MLB;1590;1489;-101;0;0;654;109;155;80;202;396;0
1.16.0331;SiesaEE POS - MLB;831;775;-56;452;0;1128;140;109;36;150;462;2
1.16.0331;UnoWeb Adm Espacios;4;6;2;0;0;0;0;0;0;1;10;0
1.16.0531;Siesa FrameWork;1;558;557;0;0;577;0;53;12;14;44;0
1.16.0531;Siesa Integraciones;12;8;-4;0;0;0;0;0;2;3;66;0
1.16.0531;Siesa Interno;76;78;2;0;0;0;0;0;12;1;27;0
1.16.0531;Siesa Migracion;9;21;12;184;0;587;4;155;0;2;6;1
1.16.0531;Siesa Mobile;138;163;25;0;0;164;5;141;5;22;36;0
1.16.0531;SiesaEE CM - IRI;510;576;66;685;0;613;210;412;39;7;65;3
1.16.0531;SiesaEE CM - MLB;2994;2818;-176;1275;263;2333;433;883;242;118;787;6
1.16.0531;SiesaEE FN - GC;0;0;0;0;0;0;0;0;0;2;6;0
1.16.0531;SiesaEE FN y VH - MLB;1213;1246;33;184;0;274;44;92;158;29;559;1
1.16.0531;SiesaEE GP y SST - IRI;20;28;8;0;0;0;0;0;8;0;52;0
1.16.0531;SiesaEE Nomina - MLB;1246;995;-251;422;0;401;4;429;75;148;324;3
1.16.0531;SiesaEE POS - MLB;665;630;-35;527;0;874;120;176;49;126;380;2
1.16.0531;UnoWeb Adm Espacios;8;9;1;0;0;0;0;0;1;0;16;0
1.16.0729;Siesa FrameWork;204;164;-40;255;0;643;0;134;13;3;25;1
1.16.0729;Siesa Integraciones;1;0;-1;0;0;0;0;0;7;0;10;0
1.16.0729;Siesa Interno;36;31;-5;0;0;0;0;0;10;0;32;0
1.16.0729;Siesa Migracion;57;441;384;110;0;496;34;210;6;1;9;1
1.16.0729;Siesa Mobile;23;22;-1;0;0;103;4;246;0;11;15;0
1.16.0729;SiesaEE CM - IRI;474;519;45;457;0;523;263;490;29;15;80;4
1.16.0729;SiesaEE CM - MLB;2699;2699;0;1050;255;2081;448;1279;285;98;645;7
1.16.0729;SiesaEE FN y VH - MLB;1148;1021;-127;170;0;464;32;210;141;14;547;1
1.16.0729;SiesaEE GP y SST - IRI;582;362;-220;0;0;0;0;0;79;3;57;0
1.16.0729;SiesaEE GP y SST - MLB;91;65;-26;0;0;0;0;0;14;1;29;0
1.16.0729;SiesaEE Nomina - MLB;1292;1183;-109;595;0;611;12;210;63;134;298;3
1.16.0729;SiesaEE POS - MLB;655;612;-43;501;0;897;108;128;51;131;389;2
1.16.0729;SiesaFE Colombia;5;5;0;195;0;0;0;0;1;0;44;1
1.16.0729;UnoWeb Adm Espacios;13;43;30;0;0;0;0;0;6;1;16;0
1.16.0930;Siesa BI - MLB;0;0;0;0;0;0;0;0;2;0;8;0
1.16.0930;Siesa FrameWork;0;369;369;0;0;697;35;53;4;0;33;0
1.16.0930;Siesa Interno;21;16;-5;0;0;0;0;0;4;0;18;0
1.16.0930;Siesa Migracion;7;7;0;109;0;566;17;213;0;2;5;1
1.16.0930;Siesa Mobile;23;33;10;0;0;0;0;0;4;12;13;0
1.16.0930;SiesaEE CM - IRI;595;657;62;507;0;714;218;637;35;4;58;4
1.16.0930;SiesaEE CM - MLB;3106;3129;23;1597;0;2656;377;1183;326;108;708;8
1.16.0930;SiesaEE FN y VH - MLB;1144;1203;59;232;0;530;19;114;164;50;470;1
1.16.0930;SiesaEE GP y SST - IRI;180;153;-27;0;0;0;0;0;17;1;17;0
1.16.0930;SiesaEE GP y SST - MLB;419;283;-136;0;0;127;50;192;23;23;55;0
1.16.0930;SiesaEE Nomina - MLB;1511;1536;25;554;0;638;32;217;75;127;324;3
1.16.0930;SiesaEE POS - MLB;828;629;-199;505;0;896;138;154;60;170;458;2
1.16.0930;UnoWeb Adm Espacios;63;68;5;0;0;0;0;0;6;2;11;0
1.16.1130;Siesa BI - MLB;0;0;0;0;0;0;0;0;4;0;5;0
1.16.1130;Siesa FrameWork;0;217;217;238;0;566;7;353;4;0;13;1
1.16.1130;Siesa Integraciones;8;0;-8;0;0;0;0;0;2;1;14;0
1.16.1130;Siesa Interno;778;782;4;0;0;0;0;0;15;0;32;0
1.16.1130;Siesa Migracion;185;650;465;173;0;539;76;123;7;0;6;1
1.16.1130;Siesa Mobile;5;8;3;0;0;0;0;0;0;4;7;0
1.16.1130;SiesaEE CM - IRI;561;651;90;412;238;596;214;635;25;9;66;3
1.16.1130;SiesaEE CM - MLB;3359;3401;42;1120;238;2446;384;1295;359;116;732;7
1.16.1130;SiesaEE FN y VH - MLB;1402;1246;-156;232;0;405;48;166;144;85;430;1
1.16.1130;SiesaEE GP y SST - IRI;245;369;124;0;0;0;0;0;14;3;23;0
1.16.1130;SiesaEE GP y SST - MLB;691;630;-61;228;0;747;2;294;37;20;67;2
1.16.1130;SiesaEE Nomina - MLB;1363;1390;27;527;0;528;5;314;75;117;280;3
1.16.1130;SiesaEE POS - MLB;746;676;-70;468;0;882;91;105;60;151;464;2
1.16.1130;SiesaFE Colombia;24;24;0;238;0;0;0;0;2;1;17;1
1.16.1130;UnoWeb Adm Espacios;56;61;5;0;0;0;0;0;2;4;9;0
1.17.0131;Siesa BI - MLB;0;0;0;0;0;0;0;0;3;0;75;0
1.17.0131;Siesa FrameWork;0;397;397;272;0;619;5;129;7;2;17;1
1.17.0131;Siesa Integraciones;1;0;-1;0;0;0;0;0;0;1;23;0
1.17.0131;Siesa Interno;160;219;59;0;0;0;0;0;29;0;63;0
1.17.0131;Siesa Migracion;75;286;211;175;0;420;37;288;4;0;3;1
1.17.0131;Siesa Mobile;15;18;3;0;0;0;0;0;0;8;9;0
1.17.0131;SiesaEE CM - IRI;469;541;72;348;0;568;132;510;30;6;51;4
1.17.0131;SiesaEE CM - MLB;2623;2672;49;1004;0;2143;282;1333;358;117;725;8
1.17.0131;SiesaEE FN y VH - MLB;1312;1190;-122;229;0;390;39;162;147;95;447;1
1.17.0131;SiesaEE GP y SST - IRI;446;585;139;0;0;0;0;0;107;3;135;0
1.17.0131;SiesaEE GP y SST - MLB;199;226;27;534;0;708;0;181;22;17;24;3
1.17.0131;SiesaEE Nomina - IRI;7;5;-2;374;0;616;4;320;0;3;4;2
1.17.0131;SiesaEE Nomina - MLB;1133;1085;-48;573;0;579;16;179;67;142;301;3
1.17.0131;SiesaEE POS - MLB;478;609;131;218;0;730;62;344;50;89;489;2
1.17.0131;UnoWeb Adm Espacios;26;25;-1;0;0;0;0;0;4;4;10;0
1.17.0331;Siesa BI - MLB;121;134;13;0;0;40;7;421;13;10;24;0
1.17.0331;Siesa FrameWork;8;8;0;232;0;504;35;359;1;0;17;1
1.17.0331;Siesa Interno;176;244;68;0;0;0;0;0;37;1;72;0
1.17.0331;Siesa Migracion;26;79;53;191;0;414;25;321;3;0;3;1
1.17.0331;Siesa Mobile;35;90;55;0;0;0;0;0;3;4;8;0
1.17.0331;SiesaEE CM - IRI;616;651;35;456;0;645;150;415;36;8;81;4
1.17.0331;SiesaEE CM - MLB;2361;2391;30;1393;0;1831;450;1345;359;69;649;8
1.17.0331;SiesaEE FN y VH - MLB;896;966;70;253;0;401;49;57;133;37;382;1
1.17.0331;SiesaEE GP y SST - IRI;147;303;156;0;0;0;0;0;27;0;73;0
1.17.0331;SiesaEE GP y SST - MLB;199;224;25;534;0;490;4;452;22;17;50;3
1.17.0331;SiesaEE Nomina - IRI;3;0;-3;504;272;696;0;214;0;1;6;2
1.17.0331;SiesaEE Nomina - MLB;885;1360;475;375;0;677;0;148;73;79;231;3
1.17.0331;SiesaEE POS - MLB;533;545;12;0;0;505;281;145;67;56;373;2
1.17.0331;UnoWeb Adm Espacios;6;14;8;0;0;0;0;0;1;0;3;0
1.17.0531;Siesa BI - MLB;10;20;10;0;0;0;0;0;1;3;6;0
1.17.0531;Siesa FrameWork;0;355;355;229;0;440;64;571;5;0;5;1
1.17.0531;Siesa Interno;375;556;181;0;0;0;0;0;19;0;102;0
1.17.0531;Siesa Migracion;42;71;29;167;238;351;183;160;3;0;4;1
1.17.0531;Siesa Mobile;28;48;20;0;0;0;0;0;5;0;2;0
1.17.0531;SiesaEE CM - IRI;611;612;1;412;476;364;191;500;26;0;63;2
1.17.0531;SiesaEE CM - MLB;1641;2119;478;1414;462;1917;469;710;162;0;357;6
1.17.0531;SiesaEE FN - GC;4;0;-4;0;0;1;178;134;1;0;0;0
1.17.0531;SiesaEE FN y VH - MLB;520;511;-9;216;0;300;44;33;77;0;193;1
1.17.0531;SiesaEE GP y SST - IRI;67;196;129;0;0;0;0;0;3;4;71;0
1.17.0531;SiesaEE GP y SST - MLB;51;52;1;459;0;625;57;428;7;2;15;3
1.17.0531;SiesaEE Nomina - IRI;16;25;9;0;0;230;237;160;2;0;8;2
1.17.0531;SiesaEE Nomina - MLB;876;932;56;229;0;410;39;649;42;1;66;3
1.17.0531;SiesaEE POS - MLB;293;399;106;0;238;21;333;3;50;4;126;1
1.17.0531;UnoEE Formatos;23;9;-14;0;0;0;0;0;4;0;8;0
1.17.0531;UnoWeb Adm Espacios;6;6;0;0;0;0;0;0;1;0;5;0
1.17.0731;Siesa BI - MLB;1713;894;-819;0;0;69;18;260;42;0;22;0
1.17.0731;Siesa Interno;107;164;57;0;0;0;0;0;10;0;47;0
1.17.0731;Siesa Migracion;121;288;167;101;0;488;9;215;7;0;7;1
1.17.0731;Siesa Mobile;140;59;-81;0;0;21;0;11;7;0;4;0
1.17.0731;SiesaEE CM - IRI;742;751;9;433;493;461;151;489;38;0;45;2
1.17.0731;SiesaEE CM - MLB;2043;2129;104;1259;493;1851;600;727;198;0;439;6
1.17.0731;SiesaEE FN y VH - MLB;746;790;44;227;0;345;54;35;71;0;290;1
1.17.0731;SiesaEE GP y SST - IRI;730;677;-53;0;0;0;0;0;77;0;58;0
1.17.0731;SiesaEE GP y SST - MLB;135;353;218;246;246;906;0;367;16;1;21;1
1.17.0731;SiesaEE Nomina - IRI;16;3;-13;186;0;755;230;406;1;0;9;1
1.17.0731;SiesaEE Nomina - MLB;744;691;-53;0;246;307;307;354;29;0;44;1
1.17.0731;SiesaEE POS - MLB;228;239;11;238;246;303;365;79;51;0;190;1
1.17.0731;UnoEE Formatos;17;9;-8;0;0;0;0;0;4;0;4;0
1.17.0731;UnoWeb Adm Espacios;20;22;2;0;0;0;0;0;4;0;4;0
1.17.0930;Siesa BI - MLB;186;251;65;359;0;401;44;300;23;7;37;2
1.17.0930;Siesa FrameWork;71;1200;1129;807;0;594;1;389;25;6;104;3
1.17.0930;Siesa Integraciones;16;22;6;0;0;0;0;0;2;0;13;0
1.17.0930;Siesa Interno;94;234;140;0;0;0;0;0;14;0;54;0
1.17.0930;Siesa Migracion;149;478;329;370;0;484;11;263;9;0;15;2
1.17.0930;Siesa Mobile;404;415;11;354;0;331;22;320;18;20;49;2
1.17.0930;SiesaEE CM - IRI;707;750;43;365;544;490;88;437;33;23;94;2
1.17.0930;SiesaEE CM - MLB;2573;2426;-147;930;544;2053;472;1185;324;95;743;6
1.17.0930;SiesaEE FN - GC;39;0;-39;272;0;0;0;0;18;0;165;1
1.17.0930;SiesaEE FN y VH - MLB;622;636;14;103;0;256;68;269;106;1;431;1
1.17.0930;SiesaEE GP y SST - IRI;542;755;213;0;0;0;0;0;69;0;97;0
1.17.0930;SiesaEE GP y SST - MLB;651;847;196;654;0;904;0;377;32;18;66;4
1.17.0930;SiesaEE Nomina - IRI;312;362;50;641;0;956;66;485;18;6;62;4
1.17.0930;SiesaEE Nomina - MLB;730;734;4;458;0;621;69;169;28;83;291;4
1.17.0930;SiesaEE POS - MLB;698;700;2;229;0;539;152;70;88;70;652;2
1.17.0930;UnoEE Formatos;34;62;28;0;0;0;0;0;16;0;22;0
1.17.1130;Siesa BI - MLB;347;356;9;398;0;498;5;291;33;3;213;2
1.17.1130;Siesa FrameWork;324;461;137;539;0;686;17;137;29;1;27;2
1.17.1130;Siesa Interno;0;1;1;0;0;0;0;0;1;0;33;0
1.17.1130;Siesa Migracion;63;91;28;386;0;439;0;294;1;6;5;2
1.17.1130;Siesa Mobile;116;74;-42;527;0;32;4;339;3;10;31;2
1.17.1130;SiesaEE CM - IRI;599;726;127;311;527;512;47;350;20;8;50;2
1.17.1130;SiesaEE CM - MLB;2171;2277;106;1179;263;1859;188;1069;254;131;806;7
1.17.1130;SiesaEE FN - GC;106;92;-24;269;0;0;0;0;196;0;609;1
1.17.1130;SiesaEE FN y VH - MLB;646;787;141;105;0;231;24;249;84;1;395;1
1.17.1130;SiesaEE GP y SST - IRI;642;766;124;0;0;0;0;0;132;1;151;0
1.17.1130;SiesaEE GP y SST - MLB;235;198;-37;0;0;971;0;282;15;20;52;0
1.17.1130;SiesaEE Nomina - IRI;474;692;218;779;0;880;172;313;20;6;21;4
1.17.1130;SiesaEE Nomina - MLB;354;490;136;255;0;649;381;386;22;101;222;4
1.17.1130;SiesaEE POS - MLB;442;390;-52;0;263;336;41;39;50;44;582;1
1.17.1130;Uno.8_5 CM - MLB;318;224;-94;0;0;0;0;0;53;32;192;0
1.17.1130;Uno.8_5 FI - MLB;67;55;-12;0;0;0;0;0;34;12;98;0
1.17.1130;Uno.8_5 FM - MLB;73;65;-8;0;0;72;162;82;39;0;104;0
1.17.1130;Uno.8_5 NM - MLB;132;74;-58;0;0;0;0;0;11;36;70;0
1.17.1130;UnoEE Formatos;25;50;25;0;0;0;0;0;21;1;31;0
1.17.1130;UnoWeb Adm Espacios;11;26;15;0;0;0;0;0;0;4;4;0
1.18.0131;Siesa BI - MLB;675;616;-59;339;0;383;38;312;50;12;45;2
1.18.0131;Siesa FrameWork;464;707;243;185;0;600;2;199;33;4;43;1
1.18.0131;Siesa Interno;1578;1610;32;0;0;0;0;0;48;0;55;0
1.18.0131;Siesa Migracion;101;476;375;322;0;479;16;206;2;10;11;2
1.18.0131;Siesa Mobile;205;150;-55;510;0;298;0;88;13;23;35;2
1.18.0131;Siesa Nuevos Proyectos ;4;12;8;212;0;306;8;126;0;1;1;1
1.18.0131;SiesaEE CM - IRI;746;719;-27;399;238;678;79;228;25;19;69;3
1.18.0131;SiesaEE CM - MLB;2042;2079;37;989;476;1964;413;1098;285;135;695;6
1.18.0131;SiesaEE FN - GC;143;181;31;0;0;0;0;0;180;1;562;0
1.18.0131;SiesaEE FN y VH - MLB;793;857;64;163;0;360;18;233;106;5;371;1
1.18.0131;SiesaEE GP y SST - IRI;651;1088;436;0;0;0;0;0;55;0;38;0
1.18.0131;SiesaEE GP y SST - MLB;209;437;228;522;0;932;0;217;33;17;43;4
1.18.0131;SiesaEE Nomina - IRI;302;264;-38;374;229;813;133;421;11;1;22;2
1.18.0131;SiesaEE Nomina - MLB;706;763;57;476;0;638;73;347;50;83;282;4
1.18.0131;SiesaEE POS - MLB;468;456;-12;127;255;382;71;233;74;47;494;1
1.18.0131;Uno.8_5 CM - MLB;308;166;-141;0;0;0;0;0;40;40;81;0
1.18.0131;Uno.8_5 FI - MLB;104;98;-4;0;0;0;0;0;41;20;76;0
1.18.0131;Uno.8_5 FM - MLB;248;309;61;0;0;0;0;0;96;0;105;0
1.18.0131;Uno.8_5 NM - MLB;162;61;-101;0;0;0;0;0;22;37;76;0
1.18.0131;UnoEE Formatos;38;60;22;0;0;0;0;0;24;0;32;0
1.18.0131;UnoWeb Adm Espacios;7;7;0;0;0;0;0;0;2;0;5;0
1.18.0328;Siesa BI - MLB;41;30;-11;269;0;275;31;567;1;14;38;2
1.18.0328;Siesa FrameWork;543;634;91;238;0;611;35;78;21;1;36;1
1.18.0328;Siesa Integraciones;0;2;2;0;0;0;0;0;0;1;23;0
1.18.0328;Siesa Interno;7;9;2;0;0;0;0;0;7;0;27;0
1.18.0328;Siesa Migracion;72;66;-6;380;0;567;12;161;1;2;12;2
1.18.0328;Siesa Mobile;718;625;-93;419;0;682;0;129;28;13;49;2
1.18.0328;SiesaEE CM - IRI;689;787;97;472;0;594;78;116;22;31;104;4
1.18.0328;SiesaEE CM - MLB;2273;2364;91;1362;0;2111;322;755;265;115;801;8
1.18.0328;SiesaEE FN - GC;162;125;-11;0;0;0;0;0;362;14;619;0
1.18.0328;SiesaEE FN y VH - MLB;809;888;79;142;0;346;43;143;98;17;472;1
1.18.0328;SiesaEE GP y SST - IRI;246;494;247;0;0;0;0;0;16;0;36;0
1.18.0328;SiesaEE GP y SST - MLB;344;620;276;527;0;762;91;526;33;20;81;4
1.18.0328;SiesaEE Nomina - IRI;487;774;287;399;0;890;75;569;18;4;36;3
1.18.0328;SiesaEE Nomina - MLB;735;927;192;255;0;851;55;121;53;158;307;3
1.18.0328;SiesaEE POS - MLB;651;558;-93;155;246;442;119;64;51;47;606;1
1.18.0328;SiesaFE Colombia;7;6;-1;246;0;0;0;0;2;0;54;1
1.18.0328;Uno.8_5 BI - MLB;1;0;-1;0;0;0;0;0;1;0;25;0
1.18.0328;Uno.8_5 CM - MLB;255;183;-72;0;0;105;44;76;37;24;160;0
1.18.0328;Uno.8_5 FI - MLB;92;95;3;0;0;0;0;0;53;22;135;0
1.18.0328;Uno.8_5 FM - MLB;219;289;70;0;0;218;47;114;93;0;150;0
1.18.0328;Uno.8_5 NM - MLB;315;118;-196;0;0;352;30;148;30;57;136;0
1.18.0328;UnoEE Formatos;188;352;164;0;0;0;0;0;60;0;66;0
1.18.0328;UnoWeb Adm Espacios;5;8;3;0;0;0;0;0;1;1;2;0
1.18.0531;Siesa BI - MLB;359;451;92;400;0;423;33;330;56;14;34;2
1.18.0531;Siesa FrameWork;449;989;540;259;0;668;28;113;42;5;54;1
1.18.0531;Siesa Interno;8;4;-4;0;0;0;0;0;4;0;27;0
1.18.0531;Siesa Migracion;218;332;114;441;0;616;11;190;2;2;8;2
1.18.0531;Siesa Mobile;356;509;153;464;0;590;12;310;12;18;45;2
1.18.0531;SiesaEE CM - IRI;853;1001;148;501;272;610;112;189;23;16;75;3
1.18.0531;SiesaEE CM - MLB;2436;2407;-29;1396;0;2225;345;760;278;103;700;8
1.18.0531;SiesaEE FN - GC;106;126;33;0;0;0;0;0;241;5;677;0
1.18.0531;SiesaEE FN y VH - MLB;846;852;6;0;0;183;51;405;130;6;503;1
1.18.0531;SiesaEE GP y SST - IRI;544;817;273;0;0;0;0;0;53;0;48;0
1.18.0531;SiesaEE GP y SST - MLB;325;384;59;752;0;890;236;402;51;19;47;4
1.18.0531;SiesaEE Nomina - IRI;506;683;177;323;0;540;5;1146;25;1;49;3
1.18.0531;SiesaEE Nomina - MLB;753;869;116;518;0;899;0;682;51;141;298;4
1.18.0531;SiesaEE POS - MLB;598;565;-33;263;272;569;86;45;65;59;734;1
1.18.0531;SiesaFE Colombia;79;10;-69;272;0;0;0;0;27;1;226;1
1.18.0531;SiesaFE Paises;50;60;10;0;0;0;0;0;6;0;41;0
1.18.0531;Uno.8_5 CM - MLB;445;359;-86;0;0;64;14;16;46;42;150;0
1.18.0531;Uno.8_5 FI - MLB;124;149;28;0;0;0;0;0;31;28;77;0
1.18.0531;Uno.8_5 FM - MLB;256;251;-5;0;0;508;49;68;99;0;120;0
1.18.0531;Uno.8_5 NM - MLB;520;174;-346;0;0;423;52;462;23;49;79;0
1.18.0531;UnoEE Formatos;186;305;119;0;0;0;0;0;72;0;70;0
1.18.0531;UnoWeb Adm Espacios;0;44;44;0;0;0;0;0;3;0;4;0
1.18.0731;Siesa BI - MLB;49;67;18;358;0;423;18;356;1;14;28;2
1.18.0731;Siesa FrameWork;0;48;48;234;0;580;18;208;1;1;17;1
1.18.0731;Siesa Interno;5;5;0;0;0;0;0;0;3;0;38;0
1.18.0731;Siesa Mobile;575;712;137;493;0;586;7;367;18;15;39;2
1.18.0731;SiesaEE CM - IRI;646;826;180;476;246;590;48;146;30;14;84;3
1.18.0731;SiesaEE CM - MLB;2054;2115;61;1204;221;1979;232;1008;212;98;650;7
1.18.0731;SiesaEE FN - GC;70;81;22;0;0;3;0;0;131;5;510;0
1.18.0731;SiesaEE FN y VH - MLB;924;1110;185;61;0;226;46;338;120;7;347;1
1.18.0731;SiesaEE GP y SST - IRI;236;336;100;0;0;0;0;0;18;1;13;0
1.18.0731;SiesaEE GP y SST - MLB;332;434;98;506;0;696;161;478;19;22;49;4
1.18.0731;SiesaEE Nomina - IRI;507;773;266;687;0;618;36;966;35;11;84;4
1.18.0731;SiesaEE Nomina - MLB;688;786;98;348;0;702;88;906;56;122;239;4
1.18.0731;SiesaEE POS - MLB;421;365;-56;238;246;254;86;27;72;5;235;1
1.18.0731;SiesaFE Colombia;202;154;-48;246;0;0;0;0;32;3;304;1
1.18.0731;SiesaFE Paises;12;19;7;0;0;0;0;0;1;0;57;0
1.18.0731;Uno.8_5 BI - MLB;17;13;-4;0;0;0;0;0;2;4;6;0
1.18.0731;Uno.8_5 CM - MLB;469;334;-135;0;0;0;0;0;48;45;113;0
1.18.0731;Uno.8_5 FI - MLB;326;101;-225;0;0;0;0;0;45;20;65;0
1.18.0731;Uno.8_5 FM - MLB;172;178;5;0;0;292;45;256;83;1;124;0
1.18.0731;Uno.8_5 NM - MLB;265;387;122;0;0;332;9;1032;15;33;61;0
1.18.0731;UnoEE Formatos;129;134;5;0;0;0;0;0;50;4;68;0
1.18.0731;UnoWeb Adm Espacios;8;15;7;0;0;0;0;0;3;0;2;0
1.18.0928;Siesa BI - MLB;89;110;21;354;0;503;8;240;6;10;22;2
1.18.0928;Siesa FrameWork;0;378;378;217;0;525;0;446;10;0;12;1
1.18.0928;Siesa Interno;10;3;-7;0;0;0;0;0;4;0;11;0
1.18.0928;Siesa Migracion;60;77;17;384;0;809;12;427;1;0;6;2
1.18.0928;Siesa Mobile;271;238;-33;527;0;561;0;506;6;10;18;2
1.18.0928;Siesa Tienda Virtual;2;2;0;0;0;0;0;0;1;0;1;0
1.18.0928;SiesaEE CM - IRI;458;563;105;416;518;562;63;196;23;10;46;2
1.18.0928;SiesaEE CM - MLB;2141;1883;-258;1373;510;1966;294;1344;208;101;560;6
1.18.0928;SiesaEE FN - GC;70;45;-3;0;0;0;0;0;134;0;439;0
1.18.0928;SiesaEE FN y VH - IRI;7;6;-1;379;0;823;110;247;1;0;23;2
1.18.0928;SiesaEE FN y VH - MLB;992;1254;262;0;0;166;19;426;144;0;362;1
1.18.0928;SiesaEE GP y SST - IRI;693;794;95;0;0;0;0;0;52;1;60;0
1.18.0928;SiesaEE GP y SST - MLB;298;372;71;685;0;903;90;291;20;8;31;4
1.18.0928;SiesaEE Nomina - IRI;618;696;78;729;0;503;158;612;30;4;54;4
1.18.0928;SiesaEE Nomina - MLB;975;977;2;597;0;1193;76;321;59;106;248;5
1.18.0928;SiesaEE POS - MLB;810;747;-63;263;263;570;94;73;73;25;226;1
1.18.0928;SiesaFE Colombia;473;491;18;263;0;0;0;0;143;18;454;1
1.18.0928;SiesaFE Paises;8;22;14;0;0;0;0;0;4;0;22;0
1.18.0928;Uno.8_5 BI - MLB;12;3;-9;0;0;0;0;0;1;2;7;0
1.18.0928;Uno.8_5 CM - MLB;254;275;21;0;0;0;0;0;24;35;93;0
1.18.0928;Uno.8_5 FI - MLB;211;192;-16;0;0;0;0;0;42;21;76;0
1.18.0928;Uno.8_5 FM - MLB;189;175;-13;0;0;339;105;417;71;0;104;0
1.18.0928;Uno.8_5 NM - MLB;320;497;177;0;0;626;12;165;22;28;49;0
1.18.0928;UnoEE Formatos;46;48;2;0;0;0;0;0;22;0;80;0
1.18.1130;Siesa BI - MLB;773;1014;241;373;0;403;3;180;61;10;22;2
1.18.1130;Siesa FrameWork;812;511;-301;263;0;664;0;158;17;1;40;1
1.18.1130;Siesa Interno;38;89;51;0;0;0;0;0;5;0;161;0
1.18.1130;Siesa Migracion;354;1789;1435;452;0;834;13;299;31;3;60;2
1.18.1130;Siesa Mobile;409;961;552;544;0;668;0;210;11;14;31;2
1.18.1130;SiesaEE CM - IRI;787;1092;305;544;535;649;60;99;24;14;74;2
1.18.1130;SiesaEE CM - MLB;1961;1879;-82;1166;527;1981;240;1053;222;117;687;6
1.18.1130;SiesaEE FN - GC;264;233;25;0;0;0;0;0;250;2;585;0
1.18.1130;SiesaEE FN y VH - IRI;687;600;-87;607;0;732;107;299;85;0;77;3
1.18.1130;SiesaEE FN y VH - MLB;162;196;34;0;0;164;19;481;61;0;320;1
1.18.1130;SiesaEE GP y SST - IRI;402;643;238;0;0;0;0;0;56;0;90;0
1.18.1130;SiesaEE GP y SST - MLB;429;592;163;722;0;898;79;554;21;14;17;4
1.18.1130;SiesaEE Nomina - IRI;532;600;68;663;0;330;74;835;31;7;49;4
1.18.1130;SiesaEE Nomina - MLB;1045;1173;128;31;0;787;460;1502;52;77;202;4
1.18.1130;SiesaEE POS - MLB;1073;1057;-16;327;272;647;171;121;119;28;264;2
1.18.1130;SiesaFE Colombia;960;1254;295;272;0;0;0;0;305;59;1156;1
1.18.1130;Uno.8_5 CM - MLB;287;242;-44;0;0;0;0;0;29;43;113;0
1.18.1130;Uno.8_5 FI - MLB;111;114;8;0;0;0;0;0;45;16;82;0
1.18.1130;Uno.8_5 FM - MLB;108;113;5;0;0;335;32;274;56;2;91;0
1.18.1130;Uno.8_5 NM - MLB;249;357;109;0;0;644;6;197;17;29;71;0
1.18.1130;UnoEE Formatos;238;243;5;0;0;0;0;0;107;1;78;0
1.18.1130;UnoWeb Adm Espacios;116;155;39;0;0;0;0;0;3;2;3;0
1.19.0131;Siesa BI - MLB;334;904;570;325;0;161;31;323;24;15;33;2
1.19.0131;Siesa FrameWork;349;114;-235;633;228;717;2;215;12;0;50;3
1.19.0131;Siesa Interno;435;512;77;0;0;0;0;0;8;0;23;0
1.19.0131;Siesa Migracion;826;785;-41;791;0;910;11;675;71;0;68;4
1.19.0131;Siesa Mobile;335;340;5;371;0;530;0;296;7;9;20;2
1.19.0131;SiesaEE CM - IRI;436;455;19;245;236;492;122;135;15;10;42;3
1.19.0131;SiesaEE CM - MLB;1609;1476;-133;484;236;2077;286;815;207;99;532;7
1.19.0131;SiesaEE FN - GC;257;65;-5;0;0;0;0;0;253;5;460;0
1.19.0131;SiesaEE FN y VH - IRI;525;528;3;351;0;526;105;441;31;0;32;2
1.19.0131;SiesaEE FN y VH - MLB;155;165;10;0;0;109;18;546;64;1;282;0
1.19.0131;SiesaEE GP y SST - IRI;754;1088;328;0;0;0;0;0;61;0;24;0
1.19.0131;SiesaEE GP y SST - MLB;185;208;22;718;0;846;78;573;13;2;33;4
1.19.0131;SiesaEE Nomina - IRI;401;627;226;565;245;745;38;515;27;12;57;3
1.19.0131;SiesaEE Nomina - MLB;1091;1175;84;983;0;1020;355;881;55;87;248;4
1.19.0131;SiesaEE POS - MLB;922;937;15;299;0;613;232;588;97;22;207;3
1.19.0131;SiesaFE Colombia;1731;1804;73;0;0;0;0;0;595;70;1315;0
1.19.0131;Uno.8_5 CM - MLB;372;276;-96;0;0;6;0;0;33;38;98;0
1.19.0131;Uno.8_5 FI - MLB;137;93;-42;0;0;0;0;0;46;13;72;0
1.19.0131;Uno.8_5 FM - MLB;94;103;10;0;0;143;2;250;46;0;66;0
1.19.0131;Uno.8_5 NM - MLB;195;160;-35;0;0;252;5;266;16;22;59;0
1.19.0131;UnoEE Formatos;94;267;173;0;0;0;0;0;112;3;120;0
1.19.0131;UnoWeb Adm Espacios;1;1;0;0;0;0;0;0;1;0;1;0
1.19.0329;Siesa BI - MLB;46;48;2;201;0;94;16;479;0;16;46;2
1.19.0329;Siesa FrameWork;508;910;402;474;0;885;9;211;25;0;41;2
1.19.0329;Siesa Interno;3;2;-1;0;0;0;0;0;1;0;9;0
1.19.0329;Siesa Migracion;1428;1116;-312;711;0;1426;15;483;98;1;107;3
1.19.0329;Siesa Mobile;521;580;59;474;0;413;10;344;12;10;41;2
1.19.0329;Siesa Nuevos Proyectos ;39;28;-11;238;0;243;0;91;2;3;15;1
1.19.0329;Siesa UI/UX;0;0;0;0;0;1;0;0;3;0;15;0
1.19.0329;SiesaEE CM - IRI;246;357;111;476;238;391;71;232;18;10;73;3
1.19.0329;SiesaEE CM - MLB;1631;1755;124;985;0;1873;313;934;288;119;747;8
1.19.0329;SiesaEE FN - GC;228;72;2;0;0;0;0;0;216;1;519;0
1.19.0329;SiesaEE FN y VH - IRI;401;467;66;454;0;694;85;523;27;0;51;2
1.19.0329;SiesaEE FN y VH - MLB;408;383;-25;0;0;227;45;474;109;2;396;0
1.19.0329;SiesaEE GP y SST - IRI;160;196;35;0;0;0;0;0;27;0;18;0
1.19.0329;SiesaEE GP y SST - MLB;310;525;214;0;0;747;110;248;25;13;48;0
1.19.0329;SiesaEE Nomina - IRI;673;945;269;718;0;895;53;96;22;10;62;4
1.19.0329;SiesaEE Nomina - MLB;721;1001;280;671;510;916;180;500;42;142;268;3
1.19.0329;SiesaEE POS - MLB;1075;1075;0;426;0;931;227;219;88;29;216;3
1.19.0329;SiesaFE Colombia;1109;1086;-20;0;0;0;0;0;431;27;1033;0
1.19.0329;Uno.8_5 CM - MLB;477;282;-195;0;0;0;0;0;48;51;150;0
1.19.0329;Uno.8_5 FI - MLB;106;141;38;0;0;0;0;0;46;26;118;0
1.19.0329;Uno.8_5 FM - MLB;132;129;-3;0;0;288;0;136;55;0;89;0
1.19.0329;Uno.8_5 NM - MLB;240;438;197;0;0;251;27;116;16;45;147;0
1.19.0329;UnoEE Formatos;111;196;85;0;0;0;0;0;79;0;95;0
1.19.0531;Siesa BI - MLB;166;257;91;360;0;350;26;91;7;30;47;2
1.19.0531;Siesa FrameWork;277;393;116;493;0;866;17;230;13;2;43;3
1.19.0531;Siesa Migracion;753;966;213;1068;0;1470;1;528;41;1;39;5
1.19.0531;Siesa Mobile;468;501;33;336;0;417;0;475;18;18;40;2
1.19.0531;Siesa Nuevos Proyectos ;160;271;111;250;0;299;3;147;10;0;18;1
1.19.0531;Siesa UI/UX;40;0;-40;0;0;12;0;212;6;0;2;0
1.19.0531;SiesaEE CM - IRI;447;857;410;484;518;540;80;133;18;23;53;2
1.19.0531;SiesaEE CM - MLB;1844;2195;351;802;765;1944;298;705;377;115;872;5
1.19.0531;SiesaEE FN - GC;238;117;-7;0;0;0;0;0;191;15;567;0
1.19.0531;SiesaEE FN y VH - IRI;668;963;295;710;0;915;80;525;38;0;36;3
1.19.0531;SiesaEE FN y VH - MLB;310;265;-45;234;0;275;62;497;45;0;469;1
1.19.0531;SiesaEE GP y SST - IRI;81;293;206;0;0;0;0;0;14;0;9;0
1.19.0531;SiesaEE GP y SST - MLB;164;511;344;612;263;907;75;402;27;14;43;3
1.19.0531;SiesaEE Nomina - IRI;534;998;463;722;0;840;99;217;30;11;48;4
1.19.0531;SiesaEE Nomina - MLB;942;1207;265;671;527;931;176;829;56;122;224;3
1.19.0531;SiesaEE POS - MLB;1403;1391;-12;588;0;1130;172;158;122;27;242;4
1.19.0531;SiesaFE Colombia;600;813;213;0;0;0;0;0;185;29;912;0
1.19.0531;Uno.8_5 BI - MLB;13;17;4;0;0;0;0;0;0;3;22;0
1.19.0531;Uno.8_5 CM - MLB;264;201;-63;0;0;0;0;0;33;32;86;0
1.19.0531;Uno.8_5 FI - MLB;119;113;-8;0;0;0;0;0;36;23;102;0
1.19.0531;Uno.8_5 FM - MLB;251;224;-24;0;0;283;0;117;100;0;121;0
1.19.0531;Uno.8_5 NM - MLB;261;376;115;0;0;368;99;297;27;29;84;0
1.19.0531;UnoWeb Adm Espacios;40;48;8;0;0;0;0;0;1;0;3;0
1.19.0731;Siesa BI - MLB;788;755;-33;201;0;255;44;161;31;31;49;2
1.19.0731;Siesa FrameWork;520;732;212;444;0;714;1;358;21;0;37;3
1.19.0731;Siesa Interno;29;7;-22;0;0;0;0;0;4;0;28;0
1.19.0731;Siesa Migracion;918;800;-118;755;0;1049;1;835;44;0;68;4
1.19.0731;Siesa Mobile;401;593;192;377;0;427;8;374;12;21;37;2
1.19.0731;Siesa Nuevos Proyectos ;121;418;297;222;0;329;1;124;12;2;20;1
1.19.0731;Siesa UI/UX;197;367;170;222;0;262;1;137;5;0;11;1
1.19.0731;SiesaEE CM - IRI;1158;1397;239;2695;476;711;138;130;21;20;58;2
1.19.0731;SiesaEE CM - MLB;1702;2396;694;583;714;1973;288;437;311;103;801;6
1.19.0731;SiesaEE FN - GC;285;142;23;0;0;0;0;0;264;2;532;0
1.19.0731;SiesaEE FN y VH - IRI;402;555;153;451;0;781;28;665;18;0;49;2
1.19.0731;SiesaEE FN y VH - MLB;218;193;-25;0;0;187;22;451;20;2;315;0
1.19.0731;SiesaEE GP y SST - IRI;161;179;18;0;0;0;0;0;17;0;20;0
1.19.0731;SiesaEE GP y SST - MLB;169;174;0;0;0;799;46;325;21;6;29;0
1.19.0731;SiesaEE Nomina - IRI;581;1257;672;0;0;715;31;151;39;4;41;0
1.19.0731;SiesaEE Nomina - MLB;1187;1374;187;0;0;970;167;939;75;115;204;0
1.19.0731;SiesaEE POS - IRI;246;237;-9;202;493;298;25;390;7;4;18;1
1.19.0731;SiesaEE POS - MLB;1280;1303;23;627;246;1120;138;175;102;27;205;3
1.19.0731;SiesaFE Colombia;459;685;226;0;0;0;0;0;111;46;534;0
1.19.0731;SiesaFE Colombia - Siesa 8.5;58;42;-16;0;0;0;0;0;15;1;58;0
1.19.0731;Uno.8_5 BI - MLB;18;8;-10;0;0;0;0;0;1;2;25;0
1.19.0731;Uno.8_5 CM - MLB;304;232;-72;0;0;0;0;0;26;35;121;0
1.19.0731;Uno.8_5 FI - MLB;109;148;39;0;0;0;0;0;40;15;102;0
1.19.0731;Uno.8_5 FM - MLB;145;146;1;0;0;220;6;176;68;0;94;0
1.19.0731;Uno.8_5 NM - MLB;211;288;76;0;0;191;31;521;14;30;74;0
1.19.0731;UnoWeb Adm Espacios;6;16;10;0;0;0;0;0;2;0;4;0
1.19.0930;Siesa BI - MLB;594;555;-36;357;0;342;9;76;32;20;122;2
1.19.0930;Siesa FrameWork;454;1667;1212;503;0;905;0;176;39;14;79;3
1.19.0930;Siesa Interno;29;79;50;0;0;0;0;0;7;0;22;0
1.19.0930;Siesa Migracion;811;874;63;421;0;1229;4;670;37;0;58;3
1.19.0930;Siesa Mobile;463;435;-28;421;0;560;1;268;9;15;31;2
1.19.0930;Siesa Nuevos Proyectos ;215;436;221;163;0;222;5;195;9;9;18;1
1.19.0930;Siesa UI/UX;244;323;79;0;0;231;9;159;12;0;7;0
1.19.0930;SiesaEE CM - IRI;913;1075;162;578;246;802;148;531;27;13;49;4
1.19.0930;SiesaEE CM - MLB;2255;2499;244;919;0;2193;318;426;314;127;882;9
1.19.0930;SiesaEE FN - GC;554;230;-21;0;0;0;0;0;462;10;623;0
1.19.0930;SiesaEE FN y VH - IRI;1099;1100;1;487;0;890;113;491;57;0;68;2
1.19.0930;SiesaEE FN y VH - MLB;114;106;-8;0;0;166;83;499;25;3;357;0
1.19.0930;SiesaEE GP y SST - IRI;196;190;-6;0;0;0;0;0;6;1;7;0
1.19.0930;SiesaEE GP y SST - MLB;404;488;80;540;263;1014;179;295;19;5;28;3
1.19.0930;SiesaEE Nomina - IRI;235;367;130;640;0;676;74;345;17;3;40;4
1.19.0930;SiesaEE Nomina - MLB;1000;1315;315;0;0;1319;217;668;48;91;245;0
1.19.0930;SiesaEE POS - IRI;278;265;-13;196;510;365;25;341;3;2;13;1
1.19.0930;SiesaEE POS - MLB;1480;1536;56;753;255;1429;159;212;98;23;189;4
1.19.0930;SiesaFE Colombia;232;345;113;0;0;0;0;0;29;25;1160;0
1.19.0930;SiesaFE Colombia - Siesa 8.5;340;303;-37;0;0;0;0;0;93;12;203;0
1.19.0930;Uno.8_5 BI - MLB;45;47;2;0;0;0;0;0;7;6;19;0
1.19.0930;Uno.8_5 CM - MLB;210;182;-28;0;0;32;3;6;22;24;116;0
1.19.0930;Uno.8_5 FI - MLB;190;235;45;0;0;0;0;0;36;15;93;0
1.19.0930;Uno.8_5 FM - MLB;160;159;-1;0;0;159;9;111;74;1;101;0
1.19.0930;Uno.8_5 NM - MLB;153;268;114;0;0;469;81;214;17;23;55;0
1.19.0930;UnoWeb Adm Espacios;4;4;0;0;0;0;0;0;0;1;2;0
1.19.1129;Siesa BI - MLB;679;401;-278;350;0;309;27;137;37;2;113;2
1.19.1129;Siesa FrameWork;1205;975;-230;590;0;1022;3;321;65;21;110;4
1.19.1129;Siesa Integraciones;16;25;9;0;0;0;0;0;1;0;25;0
1.19.1129;Siesa Interno;60;673;613;0;0;0;0;0;8;0;32;0
1.19.1129;Siesa Migracion;1735;1513;-229;933;0;1506;2;438;136;0;145;6
1.19.1129;Siesa Mobile;735;597;-138;392;0;494;34;276;20;27;47;2
1.19.1129;Siesa Nuevos Proyectos ;202;235;33;227;0;279;9;156;14;3;26;1
1.19.1129;Siesa UI/UX;321;311;-10;161;0;326;0;74;35;0;61;1
1.19.1129;SiesaEE CM - IRI;922;990;68;539;493;884;59;513;19;12;44;3
1.19.1129;SiesaEE CM - MLB;2197;2274;77;1789;739;2161;247;756;275;121;847;8
1.19.1129;SiesaEE FN - GC;694;343;-57;1037;0;0;0;0;514;16;576;3
1.19.1129;SiesaEE FN y VH - IRI;660;650;-10;486;0;747;100;681;44;0;37;4
1.19.1129;SiesaEE FN y VH - MLB;521;515;-6;390;0;479;66;755;52;6;318;3
1.19.1129;SiesaEE GP y SST - IRI;509;495;-14;0;0;0;0;0;10;0;20;0
1.19.1129;SiesaEE GP y SST - MLB;407;379;-28;647;0;1070;100;378;31;4;45;4
1.19.1129;SiesaEE Nomina - IRI;864;917;53;523;0;630;130;362;35;2;73;4
1.19.1129;SiesaEE Nomina - MLB;1803;2392;589;702;544;1247;347;933;70;97;226;3
1.19.1129;SiesaEE POS - IRI;211;206;-5;102;510;453;21;434;13;0;26;1
1.19.1129;SiesaEE POS - MLB;1194;1282;88;474;255;1014;181;689;111;24;202;4
1.19.1129;SiesaFE Colombia;504;890;386;1161;255;0;0;0;124;14;1755;7
1.19.1129;SiesaFE Colombia - Siesa 8.5;407;434;27;0;0;0;0;0;126;22;187;0
1.19.1129;Uno.8_5 BI - MLB;48;51;3;0;0;0;0;0;6;1;13;0
1.19.1129;Uno.8_5 CM - MLB;276;359;83;522;0;156;289;368;27;35;108;2
1.19.1129;Uno.8_5 FI - MLB;226;284;58;0;0;0;0;0;34;13;57;0
1.19.1129;Uno.8_5 FM - MLB;114;124;10;835;0;401;444;374;59;1;69;3
1.19.1129;Uno.8_5 NM - MLB;102;180;78;487;0;454;52;291;10;15;48;2
1.19.1129;UnoWeb Adm Espacios;44;34;-10;0;0;0;0;0;1;1;4;0
1.20.0131;Siesa BI - MLB;233;117;-116;510;255;233;27;206;15;11;64;2
1.20.0131;Siesa FrameWork;987;1052;65;974;0;1341;0;234;49;13;85;5
1.20.0131;Siesa Interno;69;67;-3;0;0;0;0;0;12;0;10;0
1.20.0131;Siesa Migracion;1496;1345;-151;1022;255;1354;4;629;68;0;65;5
1.20.0131;Siesa Mobile;391;432;41;434;0;473;0;359;12;20;46;2
1.20.0131;Siesa Nuevos Proyectos ;127;150;23;255;0;356;3;123;7;5;17;1
1.20.0131;Siesa UI/UX;146;147;1;172;0;401;1;261;21;0;66;1
1.20.0131;SiesaEE CM - IRI;521;613;92;786;493;914;127;872;14;12;43;4
1.20.0131;SiesaEE CM - MLB;1578;2018;441;924;739;1840;157;468;257;125;727;6
1.20.0131;SiesaEE FN - GC;361;258;-41;0;0;0;0;0;522;36;655;0
1.20.0131;SiesaEE FN y VH - IRI;641;617;-24;0;0;861;86;682;56;1;55;0
1.20.0131;SiesaEE FN y VH - MLB;405;452;47;246;0;1154;97;729;78;26;324;1
1.20.0131;SiesaEE GP y SST - IRI;91;75;-16;0;0;0;0;0;5;0;10;0
1.20.0131;SiesaEE GP y SST - MLB;131;100;-32;0;0;1028;83;444;11;4;19;0
1.20.0131;SiesaEE Nomina - IRI;712;790;75;0;0;602;186;359;29;5;39;0
1.20.0131;SiesaEE Nomina - MLB;1009;872;-137;0;0;1176;256;712;58;80;207;0
1.20.0131;SiesaEE POS - IRI;427;420;-7;471;510;672;89;94;16;0;11;2
1.20.0131;SiesaEE POS - MLB;1267;1223;-44;968;255;1719;359;839;109;20;215;5
1.20.0131;SiesaFE Colombia;2369;3303;934;34;0;0;0;0;672;179;2424;1
1.20.0131;SiesaFE Colombia - Siesa 8.5;342;437;95;0;0;0;0;0;140;5;228;0
1.20.0131;Uno.8_5 BI - MLB;54;95;41;0;0;0;0;0;2;9;11;0
1.20.0131;Uno.8_5 CM - MLB;380;379;-1;509;0;166;215;196;48;37;100;2
1.20.0131;Uno.8_5 FI - MLB;131;186;55;0;0;0;0;0;37;13;71;0
1.20.0131;Uno.8_5 FM - MLB;61;68;7;814;0;204;24;35;31;0;39;3
1.20.0131;Uno.8_5 NM - MLB;139;159;20;475;0;456;74;228;14;29;56;2
1.20.0131;UnoWeb Adm Espacios;62;52;-10;0;0;0;0;0;4;6;12;0
1.20.0331;Siesa BI - MLB;1109;441;-668;510;255;402;32;232;62;33;77;2
1.20.0331;Siesa FrameWork;1325;1347;22;950;0;1214;0;214;52;16;79;5
1.20.0331;Siesa Interno;55;38;-17;0;0;0;0;0;15;0;19;0
1.20.0331;Siesa Migracion;1304;1459;155;950;0;1434;3;541;138;0;159;6
1.20.0331;Siesa Mobile;441;425;-16;403;0;520;6;293;5;42;66;2
1.20.0331;Siesa Nuevos Proyectos ;129;167;38;237;0;294;1;79;7;4;21;1
1.20.0331;Siesa UI/UX;375;373;-2;341;0;426;0;337;17;0;53;2
1.20.0331;SiesaEE CM - IRI;684;1096;412;786;493;950;153;382;32;21;62;4
1.20.0331;SiesaEE CM - MLB;2051;2389;338;1012;731;1921;289;350;262;156;782;5
1.20.0331;SiesaEE FN - GC;209;187;-9;0;0;0;0;0;490;44;606;0
1.20.0331;SiesaEE FN y VH - IRI;727;706;-21;0;0;885;84;711;27;0;51;0
1.20.0331;SiesaEE FN y VH - MLB;622;639;17;0;0;1003;93;633;91;36;339;0
1.20.0331;SiesaEE GP y SST - IRI;247;305;56;0;0;0;0;0;9;0;6;0
1.20.0331;SiesaEE GP y SST - MLB;214;348;132;765;0;859;82;271;13;10;30;4
1.20.0331;SiesaEE Nomina - IRI;1204;1332;123;765;255;814;136;95;55;7;105;3
1.20.0331;SiesaEE Nomina - MLB;1547;1605;58;0;0;1147;194;569;58;101;251;0
1.20.0331;SiesaEE POS - IRI;523;505;-18;231;510;553;8;193;14;0;12;1
1.20.0331;SiesaEE POS - MLB;1249;1281;32;839;255;1790;226;494;151;26;201;4
1.20.0331;SiesaFE Colombia;1053;1452;400;248;0;0;0;0;279;71;2042;1
1.20.0331;SiesaFE Colombia - Siesa 8.5;255;302;47;0;0;0;0;0;110;12;181;0
1.20.0331;Uno.8_5 - IRI;18;24;6;74;0;10;19;20;1;0;0;1
1.20.0331;Uno.8_5 BI - MLB;43;81;38;0;0;0;0;0;4;5;14;0
1.20.0331;Uno.8_5 CM - MLB;488;552;64;378;0;354;40;359;53;60;137;2
1.20.0331;Uno.8_5 FI - MLB;156;211;55;0;0;0;0;0;45;11;76;0
1.20.0331;Uno.8_5 FM - MLB;72;74;2;867;0;428;9;272;37;0;82;3
1.20.0331;Uno.8_5 NM - MLB;160;174;14;485;0;350;114;189;16;26;72;2
1.20.0331;UnoWeb Adm Espacios;28;26;-2;0;0;0;0;0;5;2;13;0
1.20.0529;Siesa BI - MLB;1014;767;-247;476;238;594;13;501;69;12;61;2
1.20.0529;Siesa FrameWork;2200;1953;-247;935;0;1418;2;326;90;22;97;5
1.20.0529;Siesa Interno;81;86;5;0;0;0;0;0;15;0;24;0
1.20.0529;Siesa Migracion;1553;1631;78;1272;0;1602;19;631;98;0;107;6
1.20.0529;Siesa Mobile;408;395;-13;397;0;603;3;254;9;15;38;2
1.20.0529;Siesa Nuevos Proyectos ;60;260;200;233;0;336;1;122;6;2;18;1
1.20.0529;Siesa UI/UX;458;340;-118;557;0;578;4;203;30;0;29;2
1.20.0529;SiesaEE CM - IRI;1021;956;-65;792;467;886;188;883;50;23;83;4
1.20.0529;SiesaEE CM - MLB;2590;2663;74;980;926;1929;618;1247;247;94;547;7
1.20.0529;SiesaEE FN - GC;150;115;-36;0;0;71;913;315;506;45;639;0
1.20.0529;SiesaEE FN y VH - IRI;829;955;126;0;0;874;309;900;51;0;62;0
1.20.0529;SiesaEE FN y VH - MLB;591;639;48;0;0;692;137;693;87;36;272;0
1.20.0529;SiesaEE GP y SST - IRI;326;296;-30;0;0;0;0;0;19;0;51;0
1.20.0529;SiesaEE GP y SST - MLB;203;200;-3;0;0;1002;153;1154;7;5;18;0
1.20.0529;SiesaEE Nomina - IRI;1478;1221;-262;0;0;1049;205;913;56;19;66;0
1.20.0529;SiesaEE Nomina - MLB;1221;1660;438;0;0;1315;531;836;62;87;170;0
1.20.0529;SiesaEE POS - IRI;559;538;-21;210;476;580;98;702;18;0;16;1
1.20.0529;SiesaEE POS - MLB;1326;1545;219;797;238;1742;280;790;140;29;193;5
1.20.0529;SiesaFE Colombia;533;729;196;0;0;0;0;0;153;1;1502;0
1.20.0529;SiesaFE Colombia - Siesa 8.5;174;174;0;0;0;0;0;0;86;5;129;0
1.20.0529;SiesaFE Paises;9;2;-7;0;0;0;0;0;1;0;22;0
1.20.0529;Uno.8_5 BI - MLB;71;117;46;0;0;0;0;0;7;6;9;0
1.20.0529;Uno.8_5 CM - MLB;461;460;-1;0;0;411;110;448;53;48;108;0
1.20.0529;Uno.8_5 FI - MLB;194;329;135;0;0;0;0;0;39;10;72;0
1.20.0529;Uno.8_5 FM - MLB;180;210;30;0;0;671;68;226;122;0;132;0
1.20.0529;Uno.8_5 NM - MLB;351;228;-123;0;0;416;85;284;14;33;39;0
1.20.0529;UnoEE Formatos;2;1;-1;0;0;0;0;0;1;0;0;0
1.20.0529;UnoWeb Adm Espacios;3;0;-3;0;0;0;0;0;0;1;3;0
1.20.0731;Siesa BI - Aliados;24;10;-14;0;0;0;0;0;1;0;0;0
1.20.0731;Siesa BI - MLB;564;400;-164;510;255;498;31;710;30;48;87;2
1.20.0731;Siesa FrameWork;1528;1705;177;1002;0;1648;16;273;50;19;74;5
1.20.0731;Siesa Interno;12;10;-2;0;0;0;0;0;4;0;13;0
1.20.0731;Siesa Migracion;1659;1783;124;985;0;1702;13;631;92;0;92;6
1.20.0731;Siesa Mobile;439;815;376;425;0;594;30;219;13;18;35;2
1.20.0731;Siesa Nuevos Proyectos ;95;194;99;250;0;353;7;111;13;1;12;1
1.20.0731;Siesa UI/UX;641;865;224;340;0;474;2;186;33;0;20;2
1.20.0731;SiesaEE CM - IRI;820;953;133;826;493;877;329;1072;61;12;91;4
1.20.0731;SiesaEE CM - MLB;2137;2427;290;1063;493;1981;678;1602;183;127;627;8
1.20.0731;SiesaEE FN - GC;376;161;-19;0;0;46;859;241;515;41;606;0
1.20.0731;SiesaEE FN y VH - IRI;842;985;143;708;0;1034;221;1063;57;0;55;5
1.20.0731;SiesaEE FN y VH - MLB;549;647;98;61;0;736;134;698;89;27;257;4
1.20.0731;SiesaEE GP y SST - IRI;355;326;-32;0;0;0;0;0;39;0;40;0
1.20.0731;SiesaEE GP y SST - MLB;58;107;49;0;0;1221;194;1290;5;4;31;0
1.20.0731;SiesaEE Nomina - IRI;1053;1252;195;0;0;967;228;1410;62;4;67;0
1.20.0731;SiesaEE Nomina - MLB;1805;2064;259;0;0;1530;322;1190;76;87;221;0
1.20.0731;SiesaEE POS - IRI;779;741;-38;227;510;485;79;967;17;0;27;1
1.20.0731;SiesaEE POS - MLB;1197;1448;251;1015;255;1830;231;1033;135;28;212;6
1.20.0731;SiesaFE Colombia;746;856;110;0;0;0;0;0;239;0;2292;0
1.20.0731;SiesaFE Colombia - Siesa 8.5;316;350;34;0;0;0;0;0;127;10;164;0
1.20.0731;Uno.8_5 BI - MLB;31;73;42;0;0;0;0;0;2;5;9;0
1.20.0731;Uno.8_5 CM - MLB;498;581;83;0;0;441;129;336;46;36;126;0
1.20.0731;Uno.8_5 FI - MLB;116;217;101;0;0;0;0;0;32;3;54;0
1.20.0731;Uno.8_5 FM - MLB;154;157;3;0;0;662;261;263;94;0;143;0
1.20.0731;Uno.8_5 NM - MLB;183;274;91;0;0;469;42;364;9;26;37;0
1.20.0731;UnoWeb Adm Espacios;9;14;5;0;0;0;0;0;1;3;13;0
1.20.0930;Siesa BI - MLB;787;489;-298;510;255;564;34;589;33;42;85;2
1.20.0930;Siesa FrameWork;794;952;158;1002;0;1346;187;370;42;7;66;5
1.20.0930;Siesa Interno;33;135;102;0;0;0;0;0;15;0;15;0
1.20.0930;Siesa Migracion;1837;1685;-152;993;0;1784;19;494;74;0;66;6
1.20.0930;Siesa Mobile;381;478;97;324;0;637;30;150;14;11;48;2
1.20.0930;Siesa Nuevos Proyectos ;75;104;29;250;0;208;0;109;5;1;12;1
1.20.0930;Siesa UI/UX;294;354;60;175;0;328;0;75;17;0;15;1
1.20.0930;SiesaEE CM - IRI;471;639;168;851;493;766;288;1250;25;17;56;4
1.20.0930;SiesaEE CM - MLB;2582;2886;304;1205;739;1896;805;1700;223;156;711;8
1.20.0930;SiesaEE FN - GC;352;180;-9;0;0;57;787;94;550;44;599;0
1.20.0930;SiesaEE FN y VH - IRI;996;871;-125;0;0;926;253;1168;57;0;48;0
1.20.0930;SiesaEE FN y VH - MLB;593;629;36;0;0;755;153;535;108;36;273;0
1.20.0930;SiesaEE GP y SST - IRI;208;310;98;0;0;0;0;0;15;0;19;0
1.20.0930;SiesaEE GP y SST - MLB;156;192;33;0;0;1232;265;919;2;9;40;0
1.20.0930;SiesaEE Nomina - IRI;885;989;97;0;0;833;231;1122;41;35;89;0
1.20.0930;SiesaEE Nomina - MLB;2149;2403;254;0;0;1577;359;934;90;80;186;0
1.20.0930;SiesaEE POS - IRI;675;635;-40;218;510;539;111;912;29;2;38;2
1.20.0930;SiesaEE POS - MLB;1279;1462;183;1013;255;1680;289;969;125;56;201;6
1.20.0930;SiesaFE Colombia;833;935;102;0;0;0;0;0;258;1;2639;0
1.20.0930;SiesaFE Colombia - Siesa 8.5;327;397;70;0;0;0;0;0;110;19;168;0
1.20.0930;Uno.8_5 BI - MLB;31;43;12;0;0;0;0;0;2;7;14;0
1.20.0930;Uno.8_5 CM - MLB;352;426;74;0;0;619;103;316;27;57;110;0
1.20.0930;Uno.8_5 FI - MLB;191;284;93;0;0;0;0;0;47;15;84;0
1.20.0930;Uno.8_5 FM - MLB;239;249;10;0;0;862;100;223;114;8;132;0
1.20.0930;Uno.8_5 NM - MLB;109;159;50;0;0;437;48;367;8;25;36;0
1.20.0930;UnoWeb Adm Espacios;159;134;-25;0;0;0;0;0;10;3;21;0
1.20.1130;Siesa BI - Aliados;125;8;-117;0;0;0;0;0;8;0;0;0
1.20.1130;Siesa BI - MLB;895;519;-374;365;246;343;30;983;40;19;87;2
1.20.1130;Siesa FrameWork;1157;1295;138;874;0;1362;15;501;50;11;71;5
1.20.1130;Siesa Interno;23;28;5;0;0;0;0;0;5;0;9;0
1.20.1130;Siesa Migracion;1427;1244;-183;959;0;1234;15;700;94;0;100;6
1.20.1130;Siesa Mobile;477;695;218;265;0;564;0;225;13;31;32;2
1.20.1130;Siesa Nuevos Proyectos ;4;6;2;0;0;0;0;0;2;1;7;0
1.20.1130;SiesaEE CM - IRI;261;462;201;800;476;896;281;1117;18;14;41;4
1.20.1130;SiesaEE CM - MLB;2386;2612;226;1118;714;1958;844;1852;253;139;576;9
1.20.1130;SiesaEE FN - GC;177;120;-14;0;0;126;852;274;432;43;497;0
1.20.1130;SiesaEE FN y VH - IRI;898;714;-184;0;0;814;129;1053;46;0;44;0
1.20.1130;SiesaEE FN y VH - MLB;443;487;46;0;0;858;213;1112;92;50;236;0
1.20.1130;SiesaEE GP y SST - IRI;111;135;23;0;0;0;0;0;8;0;17;0
1.20.1130;SiesaEE GP y SST - MLB;343;444;97;0;0;778;137;1551;21;13;21;0
1.20.1130;SiesaEE Nomina - IRI;695;891;190;0;0;914;236;1266;35;20;68;0
1.20.1130;SiesaEE Nomina - MLB;1387;1725;338;0;0;1540;277;1554;82;79;184;0
1.20.1130;SiesaEE POS - IRI;898;946;48;218;493;534;143;813;32;8;46;2
1.20.1130;SiesaEE POS - MLB;1153;1181;29;952;246;1479;147;964;94;49;144;6
1.20.1130;SiesaFE Colombia;726;748;23;0;0;70;0;10;215;0;2124;0
1.20.1130;SiesaFE Colombia - Siesa 8.5;403;480;77;0;0;0;0;0;118;34;149;0
1.20.1130;Uno.8_5 BI - MLB;57;81;24;0;0;0;0;0;4;7;12;0
1.20.1130;Uno.8_5 CM - MLB;258;320;62;0;0;449;70;457;32;34;88;0
1.20.1130;Uno.8_5 FI - MLB;178;241;63;0;0;0;0;0;48;14;86;0
1.20.1130;Uno.8_5 FM - MLB;203;217;14;0;0;719;110;394;101;6;133;0
1.20.1130;Uno.8_5 NM - MLB;172;210;38;0;0;477;76;285;20;23;56;0
1.20.1130;UnoWeb Adm Espacios;152;241;89;0;0;0;0;0;8;0;5;0
1.21.0129;Siesa BI - MLB;732;399;-332;485;242;428;48;781;40;20;78;2
1.21.0129;Siesa FrameWork;788;1010;222;1232;0;1411;15;501;32;5;43;5
1.21.0129;Siesa Migracion;675;844;169;1232;0;873;28;1019;87;0;133;5
1.21.0129;Siesa Mobile;325;447;122;203;0;466;7;314;8;21;29;2
1.21.0129;SiesaEE CM - IRI;293;319;26;1079;476;1352;88;1167;13;13;31;5
1.21.0129;SiesaEE CM - MLB;2116;2581;465;747;714;2289;471;2079;189;203;620;9
1.21.0129;SiesaEE FN - GC;520;442;-55;0;0;0;0;0;423;29;507;0
1.21.0129;SiesaEE FN y VH - IRI;1673;1045;-628;0;0;1110;18;736;49;1;53;0
1.21.0129;SiesaEE FN y VH - MLB;622;903;281;0;0;996;262;1153;73;49;219;0
1.21.0129;SiesaEE GP y SST - IRI;103;179;71;0;0;0;0;0;21;0;17;0
1.21.0129;SiesaEE GP y SST - MLB;485;605;117;0;0;975;258;1356;20;4;11;0
1.21.0129;SiesaEE Nomina - IRI;431;736;299;0;0;1030;207;1259;24;10;50;0
1.21.0129;SiesaEE Nomina - MLB;1709;1899;189;0;0;1706;477;1029;81;140;282;0
1.21.0129;SiesaEE POS - IRI;837;862;25;344;485;586;174;748;32;6;38;2
1.21.0129;SiesaEE POS - MLB;843;986;144;750;242;1370;145;1047;86;47;183;5
1.21.0129;SiesaFE Colombia;1010;1077;67;0;0;261;0;64;298;52;1070;0
1.21.0129;SiesaFE Colombia - Siesa 8.5;171;235;64;0;0;0;0;0;66;15;72;0
1.21.0129;Uno.8_5 BI - MLB;19;35;16;0;0;0;0;0;0;4;4;0
1.21.0129;Uno.8_5 CM - MLB;328;530;202;0;0;581;127;579;32;60;78;0
1.21.0129;Uno.8_5 FI - MLB;482;1009;527;0;0;0;0;0;43;25;66;0
1.21.0129;Uno.8_5 FM - MLB;130;136;6;0;0;627;58;513;61;6;56;0
1.21.0129;Uno.8_5 NM - MLB;109;148;39;0;0;484;62;319;4;32;52;0
1.21.0129;UnoWeb Adm Espacios;25;24;-1;0;0;0;0;0;4;6;16;0
1.21.0331;Siesa BI - MLB;420;200;-220;527;144;198;85;748;27;10;53;2
1.21.0331;Siesa FrameWork;992;1008;16;1054;263;1637;22;251;36;5;65;4
1.21.0331;Siesa Interno;6;6;0;0;0;0;0;0;2;0;2;0
1.21.0331;Siesa Migracion;1290;1374;84;1020;680;1299;23;668;172;0;182;3
1.21.0331;Siesa Mobile;317;420;103;212;0;466;5;335;13;17;29;2
1.21.0331;SiesaEE CM - IRI;1947;1955;8;1275;255;1673;27;903;29;13;48;6
1.21.0331;SiesaEE CM - MLB;2086;2577;491;1249;510;2525;761;1646;220;200;768;9
1.21.0331;SiesaEE FN - GC;188;155;-5;0;0;0;0;0;512;51;689;0
1.21.0331;SiesaEE FN y VH - IRI;544;547;3;0;0;1445;2;484;72;1;80;0
1.21.0331;SiesaEE FN y VH - MLB;812;1015;203;0;0;1314;421;498;102;47;300;0
1.21.0331;SiesaEE GP y SST - IRI;91;168;74;0;0;0;0;0;9;0;6;0
1.21.0331;SiesaEE GP y SST - MLB;480;230;-252;0;0;912;189;1172;15;7;32;0
1.21.0331;SiesaEE Nomina - IRI;533;756;211;0;0;994;252;1164;30;33;57;0
1.21.0331;SiesaEE Nomina - MLB;1390;1504;114;0;0;1912;440;645;66;197;316;0
1.21.0331;SiesaEE POS - IRI;952;930;-22;363;527;771;1;562;69;0;76;2
1.21.0331;SiesaEE POS - MLB;1017;1166;150;643;263;1431;154;899;174;89;314;5
1.21.0331;SiesaFE Colombia;1521;1616;97;0;0;252;3;42;281;88;1112;0
1.21.0331;SiesaFE Colombia - Siesa 8.5;129;183;54;0;0;0;0;0;41;11;65;0
1.21.0331;Uno.8_5 BI - MLB;19;57;38;0;0;0;0;0;0;4;6;0
1.21.0331;Uno.8_5 CM - MLB;451;696;245;0;0;775;64;348;19;56;95;0
1.21.0331;Uno.8_5 FI - MLB;225;444;219;0;0;0;0;0;42;22;67;0
1.21.0331;Uno.8_5 FM - MLB;49;73;24;0;0;794;49;291;19;3;23;0
1.21.0331;Uno.8_5 NM - MLB;226;272;46;0;0;491;74;270;18;37;62;0
1.21.0331;UnoWeb Adm Espacios;16;20;4;0;0;0;0;0;3;3;12;0
1.21.0531;Siesa BI - MLB;408;134;-274;365;222;142;74;309;22;12;34;2
1.21.0531;Siesa FrameWork;466;1076;610;986;246;694;3;284;16;2;21;4
1.21.0531;Siesa Interno;11;31;20;0;0;0;0;0;4;0;21;0
1.21.0531;Siesa Migracion;356;481;125;739;493;576;15;320;60;0;90;3
1.21.0531;Siesa Mobile;63;140;77;368;0;254;18;103;2;4;6;2
1.21.0531;SiesaEE CM - IRI;392;621;229;1079;476;795;5;273;7;4;9;5
1.21.0531;SiesaEE CM - MLB;1115;1230;115;1011;0;1116;285;836;141;83;341;9
1.21.0531;SiesaEE FN - GC;63;43;-5;0;0;0;0;0;218;13;250;0
1.21.0531;SiesaEE FN y VH - IRI;1287;1197;-90;0;0;691;4;216;59;0;61;0
1.21.0531;SiesaEE FN y VH - MLB;449;468;20;0;0;541;231;476;80;20;125;0
1.21.0531;SiesaEE GP y SST - IRI;8;13;4;0;0;0;0;0;1;0;1;0
1.21.0531;SiesaEE GP y SST - MLB;58;53;-5;0;0;111;102;437;2;6;15;0
1.21.0531;SiesaEE Nomina - IRI;163;201;34;0;0;485;98;555;11;8;16;0
1.21.0531;SiesaEE Nomina - MLB;1474;1430;-44;0;0;871;22;356;73;41;103;0
1.21.0531;SiesaEE POS - IRI;160;143;-17;466;493;327;0;250;15;0;21;2
1.21.0531;SiesaEE POS - MLB;470;632;162;527;246;675;36;526;94;60;148;5
1.21.0531;SiesaFE Colombia;580;701;121;0;0;121;0;53;104;35;427;0
1.21.0531;SiesaFE Colombia - Siesa 8.5;109;245;136;0;0;0;0;0;32;2;31;0
1.21.0531;Uno.8_5 BI - MLB;5;7;2;0;0;0;0;0;0;1;3;0
1.21.0531;Uno.8_5 CM - MLB;225;347;122;0;0;394;32;184;22;27;44;0
1.21.0531;Uno.8_5 FI - MLB;80;87;7;0;0;0;0;0;27;9;38;0
1.21.0531;Uno.8_5 FM - MLB;21;25;4;0;0;364;21;204;8;1;12;0
1.21.0531;Uno.8_5 NM - MLB;114;150;36;0;0;257;52;121;10;8;22;0
1.21.0531;UnoWeb Adm Espacios;4;4;0;0;0;0;0;0;0;1;5;0
1.21.1130;SiesaEE FN y VH - IRI;36;3;-33;0;0;0;0;0;1;0;0;0